Workbook

Sheet Inicio
B6: Razón Social:
B8: NIF:
B10: PERIODO DE REFERENCIA | D10: fecha inicio | F10: fecha fin
B16: TABLAS DEL REGISTRO RETRIBUTIVO
B22: TABLAS ADICIONALES PARA EMPRESAS QUE REALICEN AUDITORÍA RETRIBUTIVA (TRABAJOS DE IGUAL VALOR)

Sheet CAMPOS
D3: CAMPO | E3: Tipo | F3: Reg. | G3: Descripción | H3: Formato | I3: Valores permitidos
F4: Ret.
D5: id | E5: PERSONA | F5: x | G5: Identificador único para cada persona trabajadora. | H5: Número entero
D6: Sexo | E6: PERSONA | F6: x | G6: Sexo de la persona trabajadora. | H6: Texto | I6: Hombre / Mujer
D7: Fecha Nacimiento | E7: PERSONA | G7: Fecha de nacimiento de la persona trabajadora. | H7: Fecha | I7: dd-mm-aa
D8: Nivel de Estudios | E8: PERSONA | G8: Nivel académico actual de la persona trabajadora. | H8: Texto
D9: Situación Familiar | E9: PERSONA | G9: Situación familiar conforme a MODELO 145 AEAT. | H9: Número entero | I9: conforme a MODELO 145 AEAT
D10: Hijos/as | E10: PERSONA | G10: Número de hijos/as de la persona trabajadora, conforme a MODELO 145 AEAT. | H10: Número entero
D11: Fecha de Contratación | E11: SITUACION CONTRACTUAL | F11: x | G11: Fecha de contratación. Se emplea exclusivamente en el caso de contrataciones con fecha posterior al inicio del periodo de referencia. Si es anterior, puede dejarse en blanco. 1/1/1900 = 0. | H11: Fecha | I11: dd-mm-aa
D12: Fecha fin contrato | E12: SITUACION CONTRACTUAL | F12: x | G12: Fecha de fin del contrato. Se emplea exclusivamente en el caso de contrataciones finalizadas antes del fin del periodo de referencia. Si es posterior, puede dejarse en blanco. 1/1/1900 = 0. | H12: Fecha | I12: dd-mm-aa
D13: Fecha de Antigüedad | E13: SITUACION CONTRACTUAL | G13: Fecha que aplica a efectos de cálculo de antigüedad (puede o no coincidir con la fecha de contratación). | H13: Fecha | I13: dd-mm-aa
D14: Fecha Inicio Sit. Contract. | E14: SITUACION CONTRACTUAL | F14: x | G14: Fecha de inicio de la Situación contractual. Se emplea exclusivamente en el caso de inicio de Situación contractual con fecha posterior al inicio del periodo de referencia. Si es anterior, puede dejarse en blanco. 1/1/1900 = 0. | H14: Fecha | I14: dd-mm-aa
D15: Fecha Fin Sit. Contract. | E15: SITUACION CONTRACTUAL | F15: x | G15: Fecha de fin de la Situación contractual. Se emplea exclusivamente en el caso de fin de Situación contractual con fecha anterior al fin del periodo de referencia. Si es anterior, puede dejarse en blanco. 1/1/1900 = 0. | H15: Fecha | I15: dd-mm-aa
D16: % de jornada | E16: SITUACION CONTRACTUAL | F16: x | G16: % de jornada realizada por la persona en el periodo de referencia y Situación contractual, considerando 100% como jornada completa, y sin considerar las reducciones de jornada. Si el % ha variado a lo largo del periodo de referencia, deberá asegurarse que para el periodo indicado (inicio y fin de contrato que se indique), el % de jornada sea constante, y que los importes de retribución son igualmente consistentes con ese %. | H16: Porcentaje | I16: %
D17: % jornada reducida | E17: SITUACION CONTRACTUAL | F17: x | G17: Medido en relación a la jornada por contrato en la Situación contractual. Ejemplo: si una persona con contrato a tiempo completo reduce 1/3 su jornada, el % a indicar será el 66,67%. Si una persona con contrato a tiempo parcial del 50% se reduce la jornada en 1/3, el % a indicar será también del 66,67%. Dejar en blanco si no hay reducción de jornada. | H17: Porcentaje | I17: %
D18: motivo reducción | E18: SITUACION CONTRACTUAL | G18: Motivo de Reducción de Jornada (dejar en blanco si no hay reducción de jornada) en la Situación contractual. | H18: Texto | I18: ver tabla "Motivo reducción de jornada"
D19: Clave de Contrato | E19: SITUACION CONTRACTUAL | G19: Clave del contrato actual de la persona trabajadora en la Situación contractual, de acuerdo a los códigos de la Seguridad Social. | H19: Número entero | I19: ver tabla "Clave de Contrato"
D20: Area-empresa | E20: PUESTO ACTUAL | G20: Área de la empresa en la que trabaja la persona en la Situación contractual. Si resulta útil, puede emplearse este campo y el siguiente para reflejar cualquier otra organización de la empresa (centro de trabajo, división, dirección territorial, etc.). | H20: Texto | I20: los de la empresa
D21: Dpto-empresa | E21: PUESTO ACTUAL | G21: Departamento actual de la persona trabajadora en la Situación contractual. | H21: Texto | I21: los de la empresa
D22: Puesto-empresa | E22: PUESTO ACTUAL | F22: x | G22: Puesto actual de la persona trabajadora en la Situación Contractual. Para una mejor visualización de los datos, se recomienda utilizar una nomenclatura con denominaciones breves. | H22: Texto | I22: los de la empresa
D23: Horario (continuo/ partido) | E23: PUESTO ACTUAL | G23: Indica el tipo de horario que realiza en la Situación Contractual. | H23: Texto | I23: continuo/partido
D24: Trabajo a turnos | E24: PUESTO ACTUAL | G24: Indica si realiza o no trabajo a turnos en la Situación Contractual. | H24: Texto | I24: Sí/No
D25: Escala-empresa | E25: PUESTO ACTUAL | G25: Escala actual de la persona trabajadora en la Situación Contractual, conforme a la escala de mando vigente en la empresa. | H25: Texto | I25: los de la empresa
D26: AGRUP. CLAS. PROF. | E26: PUESTO ACTUAL | F26: x | G26: Agrupación en la que queda agrupada la persona en su Situación Contractual según la clasificación profesional de la empresa de acuerdo con el Convenio de aplicación. Se nombrarán necesariamente como GRUPO 01, GRUPO 02, etc., hasta un máximo de 30. Se recomienda que este orden esté relacionado con la jerarquía dentro de las empresas. Esta agrupación es la que se emplea en las TABLAS DEL REGISTRO RETRIBUTIVO | H26: Texto | I26: GRUPO 01, GRUPO 02, … hasta GRUPO 30 (máximo)
D27: AGRUP. VALOR. PTO. | E27: PUESTO ACTUAL | F27: (x) | G27: Agrupación en la que queda agrupada la persona en su Situación Contractual según la valoración su puesto de trabajo (solamente para empresas con auditoría retributiva). Se nombrarán necesariamente como ESCALA 01, ESCALA 02, etc., hasta un máximo de 30. Se recomienda que este orden esté relacionado el valor de los puestos agrupados en esa ESCALA. Esta agrupación es la que se emplea en las TABLAS ADICIONALES PARA EMPRESAS QUE REALICEN AUDITORÍA RERIBUTIVA (TRABAJOS DE IGUAL VALOR) | H27: Texto | I27: ESCALA 01, ESCALA 02…, hasta ESCALA 30 (máximo)
D28: Convenio/Área | E28: CONTRATO-CONVENIO | F28: x | G28: Convenio de aplicación de cada contrato. No hace falta incluir el nº completo del convenio, basta una nomenclatura suficiente para identificarlo. En convenios con varias Áreas, indicar conjuntamente el Área para cada caso. | H28: Texto | I28: los del convenio y contrato
D29: Categoría profesional | E29: CONTRATO-CONVENIO | G29: Categoría profesional que corresponde a la persona en su Situación Contractual, conforme al Convenio. (Puede ser que el Convenio de referencia no utilice Categorías, sino Grupos, ver abajo). | H29: Texto | I29: los del convenio y contrato
D30: Grupo profesional | E30: CONTRATO-CONVENIO | G30: Grupo profesional que corresponde a la persona en su Situación Contractual, conforme al Convenio. | H30: Texto | I30: los del convenio y contrato
D31: Nivel | E31: CONTRATO-CONVENIO | F31: x | G31: Nivel (retributivo) que corresponde a la persona en su Situación Contractual, conforme al Convenio. | H31: Texto | I31: los del convenio y contrato
D32: Grupo de Cotización Seg.Social. | E32: SEG-SOCIAL | G32: Grupo de cotización de la Seguridad Social. | H32: Número entero | I32: ver aquí
D33: S.BASE | E33: RETRIBUCION | F33: x | G33: Salario base de la persona (sumatorio de importes correspondiente al periodo de referencia y Situación Contractual). Se deben añadir las pagas extraordinarias percibidas. | H33: Moneda
D34: Conc.Sal.01 | E34: RETRIBUCION | F34: x | G34: Concepto Salarial 01. A determinar por la organización (sumatorio de importes correspondiente al periodo de referencia y Situación Contractual). | H34: Moneda
D35: Conc.Sal.02 | E35: RETRIBUCION | F35: x | G35: Concepto Salarial 02. A determinar por la organización (sumatorio de importes correspondiente al periodo de referencia y Situación Contractual) | H35: Moneda
D36: Conc.Sal.03 | E36: RETRIBUCION | F36: x | G36: Concepto Salarial 03. A determinar por la organización (sumatorio de importes correspondiente al periodo de referencia y Situación Contractual). | H36: Moneda
D37: Conc.Sal.04 | E37: RETRIBUCION | F37: x | G37: Concepto Salarial 04. A determinar por la organización (sumatorio de importes correspondiente al periodo de referencia y Situación Contractual). | H37: Moneda
D38: Conc.Sal.05 | E38: RETRIBUCION | F38: x | G38: Concepto Salarial 05. A determinar por la organización (sumatorio de importes correspondiente al periodo de referencia y Situación Contractual).. | H38: Moneda
D39: … | E39: … | F39: … | G39: …
D40: Conc.Sal.30 | E40: RETRIBUCION | F40: x | G40: Concepto Salarial 30. A determinar por la organización (sumatorio de importes correspondiente al periodo de referencia y Situación Contractual). | H40: Moneda
D41: C.Extra.01 | E41: RETRIBUCION | F41: x | G41: Concepto Extrasalarial 01. A determinar por la organización (sumatorio de importes correspondiente al periodo de referencia y Situación Contractual). | H41: Moneda
D42: … | E42: … | F42: … | G42: … | H42: Moneda
D43: C.Extra.05 | E43: RETRIBUCION | F43: x | G43: Concepto Extrasalarial 05. A determinar por la organización (sumatorio de importes correspondiente al periodo de referencia y Situación Contractual). | H43: Moneda
D44: F.ini.cal | E44: CAMPO CALCULADO | G44: Fecha de inicio considerada a efectos de cálculo de la anualización de importes para su equiparación. | H44: Fecha | I44: dd-mm-aa
D45: F.fin.cal | E45: CAMPO CALCULADO | G45: Fecha de fin considerada a efectos de cálculo de la anualización de importes para su equiparación. | H45: Fecha | I45: dd-mm-aa
D46: % normaliz | E46: CAMPO CALCULADO | G46: % de jornada efectiva, calculada como producto del % de jornada y el % de jornada reducida reseñados. Se usa para la normalización de las retribuciones para su equiparación. | H46: Porcentaje | I46: %
D47: % anualiz | E47: CAMPO CALCULADO | G47: % del Periodo de Referencia en que ha estado activa la Situación Contractual, calculada como diferencia entre la F.fin.cal menos la F.ini.cal. Se usa para la anualización de las retribuciones para su equiparación. | H47: Porcentaje | I47: %
D48: Check Periodo Ref. | E48: CAMPO CALCULADO | G48: Campo que chequea si la Situación Contractual de la ficha está activa durante el periodo de referencia | H48: Texto | I48: Dentro / Fuera
D49: Check Equiparado | E49: CAMPO CALCULADO | G49: Campo que chequea si la Situación Contractual es considerada a los efectos de cálculo de importes equiparados. NOTA: para los importes equiparados se emplea una sola Situación Contractual, la última del periodo de referencia. | H49: Texto | I49: Sí / NO
D50: Check Nº SC Norm | E50: CAMPO CALCULADO | G50: Campo que chequea si los importes de la Situación Contractual son objeto solamente de Normalización. | H50: Texto | I50: Sí / NO
D51: Check Nº SC Anualiz | E51: CAMPO CALCULADO | G51: Campo que chequea si los importes de la Situación Contractual son objeto solamente de Anualización. | H51: Texto | I51: Sí / NO
D52: Check Nº SC Norm y Anualiz | E52: CAMPO CALCULADO | G52: Campo que chequea si los importes de la Situación Contractual son objeto solamente de Normalización y también de Anualización. | H52: Texto | I52: Sí / NO
D53: Check Equiparación | E53: CAMPO CALCULADO | G53: Campo que chequea si los importes de esa Situación Contractual son objeto o no de equiparación. | H53: Texto | I53: Sí / NO
D54: SALARIO BASE EQ | E54: CAMPO CALCULADO | G54: Salario Base equiparado, esto es, ajustado al 100% de jornada (Normalizado), y ajustado al 100% del periodo de referencia (Anualizado). | H54: Moneda
D55: Tot COMPL.SAL EQ | E55: CAMPO CALCULADO | G55: Sumatorio de Complementos Salariales equiparados, esto es, ajustados al 100% de jornada (Normalizado), y ajustados al 100% del periodo de referencia (Anualizado), si es que procede conforme se indique en la Tabla de CONCEPTROS RETRIBUTIVOS (columnas "Normalizable" y "Anualizable"). | H55: Moneda
D56: TOTAL SALARIO EQ | E56: CAMPO CALCULADO | G56: Suma de SALARIO BASE Eq + Tot COMPL.SAL Eq | H56: Moneda
D57: Tot Extrasalarial EQ | E57: CAMPO CALCULADO | G57: Sumatorio de Complementos Extrasalariales equiparados, esto es, ajustados al 100% de jornada (Normalizado), y ajustados al 100% del periodo de referencia (Anualizado), si es que procede conforme se indique en la Tabla de CONCEPTROS RETRIBUTIVOS (columnas "Normalizable" y "Anualizable"). | H57: Moneda
D58: TOTAL Retrib EQ | E58: CAMPO CALCULADO | G58: Suma de TOTAL SALARIO Eq + Tot Extrasalarial Eq | H58: Moneda
D59: SALARIO BASE Ef | E59: CAMPO CALCULADO | G59: Salario Base efectivo, conforme reportado. | H59: Moneda
D60: Tot COMPL.SAL Ef | E60: CAMPO CALCULADO | G60: Sumatorio de Complementos Salariales efectivos, conforme reportados. | H60: Moneda
D61: TOTAL SALARIO Ef | E61: CAMPO CALCULADO | G61: Suma de Salario Base efectivo + Total complementos salariales efectivos | H61: Moneda
D62: Tot Extrasalarial Ef | E62: CAMPO CALCULADO | G62: Sumatorio de Complementos Extrasalariales efectivos, conforme reportados. | H62: Moneda
D63: TOTAL Retrib Ef | E63: CAMPO CALCULADO | G63: Suma de TOTAL SALARIO Ef + Tot Extrasalarial Ef | H63: Moneda

Sheet CONC.RETR
B2: TABLA DE CONCEPTOS RETRIBUTIVOS
E4: Form. Retrib. | G4: Tipo de Retribución
E6: Retrib | G6: Nombre
E7: Dinero | G7: Salario Base
E8: En especie | G8: Comp. Salarial
G9: Extrasalarial
B11: Valor | C11: Nombre Corto | D11: Descripción | E11: Retrib | F11: Tipo | G11: Normalizable | H11: Anualizable | J11: AGRUP. CLAS. PROF. | L11: AGRUP. VALOR. PTO
B12: S.BASE | F12: Salario Base | J12: GRUPO 01 | L12: ESCALA 01
B13: Conc.Sal.01 | F13: Comp. Salarial | J13: GRUPO 02 | L13: ESCALA 02
B14: Conc.Sal.02 | F14: Comp. Salarial | J14: GRUPO 03 | L14: ESCALA 03
B15: Conc.Sal.03 | F15: Comp. Salarial | J15: GRUPO 04 | L15: ESCALA 04
B16: Conc.Sal.04 | F16: Comp. Salarial | J16: GRUPO 05 | L16: ESCALA 05
B17: Conc.Sal.05 | F17: Comp. Salarial | J17: GRUPO 06 | L17: ESCALA 06
B18: Conc.Sal.06 | F18: Comp. Salarial | J18: GRUPO 07 | L18: ESCALA 07
B19: Conc.Sal.07 | F19: Comp. Salarial | J19: GRUPO 08 | L19: ESCALA 08
B20: Conc.Sal.08 | F20: Comp. Salarial | J20: GRUPO 09 | L20: ESCALA 09
B21: Conc.Sal.09 | F21: Comp. Salarial | J21: GRUPO 10 | L21: ESCALA 10
B22: Conc.Sal.10 | F22: Comp. Salarial | J22: GRUPO 11 | L22: ESCALA 11
B23: Conc.Sal.11 | F23: Comp. Salarial | J23: GRUPO 12 | L23: ESCALA 12
... B41: Conc.Sal.29 | F41: Comp. Salarial | J41: GRUPO 30 | L41: ESCALA 30
B42: Conc.Sal.30 | F42: Comp. Salarial
B43: C.Extra.01 | F43: Extrasalarial
B44: C.Extra.02 | F44: Extrasalarial
B45: C.Extra.03 | F45: Extrasalarial
B46: C.Extra.04 | F46: Extrasalarial
B47: C.Extra.05 | F47: Extrasalarial

Sheet DATOS
C2: PERIODO DE REFERENCIA
C3: fecha inicio | D3: =+Inicio!E10 -> 0 | AB3: 5 | AC3: Tipo | AD3: =IFERROR(IF(VLOOKUP(AD$8,TblComplem[],$AB3,0)=0,"",VLOOKUP(AD$8,TblComplem[],$AB3,0)),"") -> Salario Base | AE3: =IFERROR(IF(VLOOKUP(AE$8,TblComplem[],$AB3,0)=0,"",VLOOKUP(AE$8,TblComplem[],$AB3,0)),"") -> Comp. Salarial | AF3: =IFERROR(IF(VLOOKUP(AF$8,TblComplem[],$AB3,0)=0,"",VLOOKUP(AF$8,TblComplem[],$AB3,0)),"") -> Comp. Salarial | AG3: =IFERROR(IF(VLOOKUP(AG$8,TblComplem[],$AB3,0)=0,"",VLOOKUP(AG$8,TblComplem[],$AB3,0)),"") -> Comp. Salarial | AH3: =IFERROR(IF(VLOOKUP(AH$8,TblComplem[],$AB3,0)=0,"",VLOOKUP(AH$8,TblComplem[],$AB3,0)),"") -> Comp. Salarial | AI3: =IFERROR(IF(VLOOKUP(AI$8,TblComplem[],$AB3,0)=0,"",VLOOKUP(AI$8,TblComplem[],$AB3,0)),"") -> Comp. Salarial | AJ3: =IFERROR(IF(VLOOKUP(AJ$8,TblComplem[],$AB3,0)=0,"",VLOOKUP(AJ$8,TblComplem[],$AB3,0)),"") -> Comp. Salarial | AK3: =IFERROR(IF(VLOOKUP(AK$8,TblComplem[],$AB3,0)=0,"",VLOOKUP(AK$8,TblComplem[],$AB3,0)),"") -> Comp. Salarial | ... BM3: =IFERROR(IF(VLOOKUP(BM$8,TblComplem[],$AB3,0)=0,"",VLOOKUP(BM$8,TblComplem[],$AB3,0)),"") -> Extrasalarial | BP3: Nº SC Norm | BQ3: cuando % norm difer 100% y % anualiz es 100%
C4: fecha fin | D4: =+Inicio!G10 -> 0 | AB4: 6 | AC4: Normalizable | AD4: =IFERROR(IF(VLOOKUP(AD$8,TblComplem[],$AB4,0)=0,"",VLOOKUP(AD$8,TblComplem[],$AB4,0)),"") | AE4: =IFERROR(IF(VLOOKUP(AE$8,TblComplem[],$AB4,0)=0,"",VLOOKUP(AE$8,TblComplem[],$AB4,0)),"") | AF4: =IFERROR(IF(VLOOKUP(AF$8,TblComplem[],$AB4,0)=0,"",VLOOKUP(AF$8,TblComplem[],$AB4,0)),"") | AG4: =IFERROR(IF(VLOOKUP(AG$8,TblComplem[],$AB4,0)=0,"",VLOOKUP(AG$8,TblComplem[],$AB4,0)),"") | AH4: =IFERROR(IF(VLOOKUP(AH$8,TblComplem[],$AB4,0)=0,"",VLOOKUP(AH$8,TblComplem[],$AB4,0)),"") | AI4: =IFERROR(IF(VLOOKUP(AI$8,TblComplem[],$AB4,0)=0,"",VLOOKUP(AI$8,TblComplem[],$AB4,0)),"") | AJ4: =IFERROR(IF(VLOOKUP(AJ$8,TblComplem[],$AB4,0)=0,"",VLOOKUP(AJ$8,TblComplem[],$AB4,0)),"") | AK4: =IFERROR(IF(VLOOKUP(AK$8,TblComplem[],$AB4,0)=0,"",VLOOKUP(AK$8,TblComplem[],$AB4,0)),"") | ... BM4: =IFERROR(IF(VLOOKUP(BM$8,TblComplem[],$AB4,0)=0,"",VLOOKUP(BM$8,TblComplem[],$AB4,0)),"") | BP4: Nº SC Anualiz
C5: días | D5: =D4-D3+1 -> 1 | AB5: 7 | AC5: Anualizable | AD5: =IFERROR(IF(VLOOKUP(AD$8,TblComplem[],$AB5,0)=0,"",VLOOKUP(AD$8,TblComplem[],$AB5,0)),"") | AE5: =IFERROR(IF(VLOOKUP(AE$8,TblComplem[],$AB5,0)=0,"",VLOOKUP(AE$8,TblComplem[],$AB5,0)),"") | AF5: =IFERROR(IF(VLOOKUP(AF$8,TblComplem[],$AB5,0)=0,"",VLOOKUP(AF$8,TblComplem[],$AB5,0)),"") | AG5: =IFERROR(IF(VLOOKUP(AG$8,TblComplem[],$AB5,0)=0,"",VLOOKUP(AG$8,TblComplem[],$AB5,0)),"") | AH5: =IFERROR(IF(VLOOKUP(AH$8,TblComplem[],$AB5,0)=0,"",VLOOKUP(AH$8,TblComplem[],$AB5,0)),"") | AI5: =IFERROR(IF(VLOOKUP(AI$8,TblComplem[],$AB5,0)=0,"",VLOOKUP(AI$8,TblComplem[],$AB5,0)),"") | AJ5: =IFERROR(IF(VLOOKUP(AJ$8,TblComplem[],$AB5,0)=0,"",VLOOKUP(AJ$8,TblComplem[],$AB5,0)),"") | AK5: =IFERROR(IF(VLOOKUP(AK$8,TblComplem[],$AB5,0)=0,"",VLOOKUP(AK$8,TblComplem[],$AB5,0)),"") | ... BM5: =IFERROR(IF(VLOOKUP(BM$8,TblComplem[],$AB5,0)=0,"",VLOOKUP(BM$8,TblComplem[],$AB5,0)),"") | BP5: Nº SC Norm y Anualiz
AB6: 2 | AC6: Nombre Corto | AD6: =IFERROR(IF(VLOOKUP(AD$8,TblComplem[],$AB6,0)=0,"",VLOOKUP(AD$8,TblComplem[],$AB6,0)),"") | AE6: =IFERROR(IF(VLOOKUP(AE$8,TblComplem[],$AB6,0)=0,"",VLOOKUP(AE$8,TblComplem[],$AB6,0)),"") | AF6: =IFERROR(IF(VLOOKUP(AF$8,TblComplem[],$AB6,0)=0,"",VLOOKUP(AF$8,TblComplem[],$AB6,0)),"") | AG6: =IFERROR(IF(VLOOKUP(AG$8,TblComplem[],$AB6,0)=0,"",VLOOKUP(AG$8,TblComplem[],$AB6,0)),"") | AH6: =IFERROR(IF(VLOOKUP(AH$8,TblComplem[],$AB6,0)=0,"",VLOOKUP(AH$8,TblComplem[],$AB6,0)),"") | AI6: =IFERROR(IF(VLOOKUP(AI$8,TblComplem[],$AB6,0)=0,"",VLOOKUP(AI$8,TblComplem[],$AB6,0)),"") | AJ6: =IFERROR(IF(VLOOKUP(AJ$8,TblComplem[],$AB6,0)=0,"",VLOOKUP(AJ$8,TblComplem[],$AB6,0)),"") | AK6: =IFERROR(IF(VLOOKUP(AK$8,TblComplem[],$AB6,0)=0,"",VLOOKUP(AK$8,TblComplem[],$AB6,0)),"") | ... BM6: =IFERROR(IF(VLOOKUP(BM$8,TblComplem[],$AB6,0)=0,"",VLOOKUP(BM$8,TblComplem[],$AB6,0)),"")
BY7: Comp. Salarial | CA7: Extrasalarial
B8: id | C8: Sexo | D8: Fecha Nacimiento | E8: Nivel de Estudios | F8: Situación Familiar | G8: Hijos/as | H8: Fecha de Contratación | I8: Fecha Fin Contrato | J8: Fecha de Antigüedad | K8: Fecha Inicio Sit. Contract. | L8: Fecha Fin Sit. Contract. | M8: % de jornada | N8: % jornada reducida | O8: motivo reducción | P8: Clave de Contrato | Q8: Area-empresa | R8: Dpto-empresa | S8: Puesto-empresa | T8: Horario (continuo/partido) | U8: Trabajo a turnos | V8: Escala-empresa | W8: AGRUP. CLAS. PROF. | X8: AGRUP. VALOR. PTO. | Y8: Convenio/Área | Z8: Categoría profesional | AA8: Grupo profesional | AB8: Nivel | AC8: Grupo de Cotización Seg.Social. | AD8: S.BASE | AE8: Conc.Sal.01 | AF8: Conc.Sal.02 | AG8: Conc.Sal.03 | AH8: Conc.Sal.04 | AI8: Conc.Sal.05 | AJ8: Conc.Sal.06 | AK8: Conc.Sal.07 | AL8: Conc.Sal.08 | AM8: Conc.Sal.09 | AN8: Conc.Sal.10 | AO8: Conc.Sal.11 | AP8: Conc.Sal.12 | AQ8: Conc.Sal.13 | AR8: Conc.Sal.14 | AS8: Conc.Sal.15 | AT8: Conc.Sal.16 | AU8: Conc.Sal.17 | AV8: Conc.Sal.18 | AW8: Conc.Sal.19 | AX8: Conc.Sal.20 | AY8: Conc.Sal.21 | AZ8: Conc.Sal.22 | BA8: Conc.Sal.23 | BB8: Conc.Sal.24 | BC8: Conc.Sal.25 | BD8: Conc.Sal.26 | BE8: Conc.Sal.27 | BF8: Conc.Sal.28 | BG8: Conc.Sal.29 | BH8: Conc.Sal.30 | BI8: C.Extra.01 | BJ8: C.Extra.02 | BK8: C.Extra.03 | BL8: C.Extra.04 | BM8: C.Extra.05 | BN8: F.ini.cal | BO8: F.fin.cal | BP8: % normaliz | BQ8: % anualiz | BR8: Check Periodo Ref. | BS8: Check Equiparado | BT8: Check Nº SC Norm | BU8: Check Nº SC Anualiz | BV8: Check Nº SC Norm y Anualiz | BW8: Check Equiparación | BX8: SALARIO BASE Eq | BY8: Tot COMPL.SAL Eq | BZ8: TOTAL SALARIO Eq | CA8: Tot Extrasalarial Eq | CB8: TOTAL Retrib Eq | CC8: SALARIO BASE Ef | CD8: Tot COMPL.SAL Ef | CE8: TOTAL SALARIO Ef | CF8: Tot Extrasalarial Ef | CG8: TOTAL Retrib Ef | CH8: DIAS TRABAJ. EN EL AÑO | CI8: REPET. | CJ8: Edad | CK8: Antigüedad | CL8: Jornada | CM8: Contrato | CN8: Intervalo Edad | CO8: Intervalo Antigüedad
BN9: =+MAX($D$3,DATOS_[[#This Row],[Fecha Inicio Sit. Contract.]]) -> 0 | BO9: =+MIN($D$4,DATOS_[[#This Row],[Fecha Fin Sit. Contract.]]) -> 0 | BP9: =+DATOS_[[#This Row],[% de jornada]]*IF(DATOS_[[#This Row],[% jornada reducida]]="",1,DATOS_[[#This Row],[% jornada reducida]]) -> 0 | BQ9: =+(DATOS_[[#This Row],[F.fin.cal]]-DATOS_[[#This Row],[F.ini.cal]]+1)/($D$4-$D$3+1) -> 1 | BR9: =IF(OR(AND(DATOS_[[#This Row],[Fecha Fin Contrato]]<$D$3,DATOS_[[#This Row],[Fecha Fin Contrato]]<>""),DATOS_[[#This Row],[Fecha de Contratación]]>$D$4),"Fuera","Dentro") -> Dentro | BS9: {=IF(MAX(IF(DATOS_[id]=DATOS_[[#This Row],[id]],DATOS_[F.fin.cal]))=DATOS_[[#This Row],[F.fin.cal]],"Sí","NO")} -> Sí | BT9: =IF(AND(DATOS_[[#This Row],[% normaliz]]<>1,DATOS_[[#This Row],[% anualiz]]=1),"Sí","NO") -> Sí | BU9: =IF(AND(DATOS_[[#This Row],[% normaliz]]=1,DATOS_[[#This Row],[% anualiz]]<>1),"Sí","NO") -> NO | BV9: =IF(AND(DATOS_[[#This Row],[% normaliz]]<>1,DATOS_[[#This Row],[% anualiz]]<>1),"Sí","NO") -> NO | BW9: =+IF(DATOS_[[#This Row],[% normaliz]]*DATOS_[[#This Row],[% anualiz]]=1,"NO","Sí") -> Sí | BX9: =(DATOS_[[#This Row],[S.BASE]]*(1/DATOS_[[#This Row],[% normaliz]])*(1/DATOS_[[#This Row],[% anualiz]]))*IF(DATOS_[[#This Row],[Check Equiparado]]="Sí",1,0) -> #DIV/0! | BY9: =(SUMPRODUCT((RngTipo=$BY$7)*(rngAnualizable="Sí")*(rngNormalizable="Sí")*(DATOS_[[#This Row],[Conc.Sal.01]:[C.Extra.05]]))*(1/DATOS_[[#This Row],[% anualiz]])*(1/DATOS_[[#This Row],[% normaliz]]) +SUMPRODUCT((RngTipo=$BY$7)*(rngAnualizable="Sí")*(rngNormalizable="No")*(DATOS_[[#This Row],[Conc.Sal.01]:[C.Extra.05]]))*(1/DATOS_[[#This Row],[% anualiz]]) +SUMPRODUCT((RngTipo=$BY$7)*(rngAnualizable="No")*(rngNormalizable="Sí")*(DATOS_[[#This Row],[Conc.Sal.01]:[C.Extra.05]]))*(1/DATOS_[[#This Row],[% normaliz]]) +SUMPRODUCT((RngTipo=$BY$7)*(rngAnualizable="No")*(rngNormalizable="No")*(DATOS_[[#This Row],[Conc.Sal.01]:[C.Extra.05]]))) *IF(DATOS_[[#This Row],[Check Equiparado]]="Sí",1,0) -> #DIV/0! | BZ9: =+DATOS_[[#This Row],[SALARIO BASE Eq]]+DATOS_[[#This Row],[Tot COMPL.SAL Eq]] -> #DIV/0! | CA9: {=(SUMPRODUCT((RngTipo=$CA$7)*(rngAnualizable="Sí")*(rngNormalizable="Sí")*(DATOS_[[#This Row],[Conc.Sal.01]:[C.Extra.05]]))*(1/DATOS_[[#This Row],[% anualiz]])*(1/DATOS_[[#This Row],[% normaliz]]) +SUMPRODUCT((RngTipo=$CA$7)*(rngAnualizable="Sí")*(rngNormalizable="No")*(DATOS_[[#This Row],[Conc.Sal.01]:[C.Extra.05]]))*(1/DATOS_[[#This Row],[% anualiz]]) +SUMPRODUCT((RngTipo=$CA$7)*(rngAnualizable="No")*(rngNormalizable="Sí")*(DATOS_[[#This Row],[Conc.Sal.01]:[C.Extra.05]]))*(1/DATOS_[[#This Row],[% normaliz]]) +SUMPRODUCT((RngTipo=$CA$7)*(rngAnualizable="No")*(rngNormalizable="No")*(DATOS_[[#This Row],[Conc.Sal.01]:[C.Extra.05]]))) *IF(DATOS_[[#This Row],[Check Equiparado]]="Sí",1,0)} -> #DIV/0! | CB9: =+DATOS_[[#This Row],[TOTAL SALARIO Eq]]+DATOS_[[#This Row],[Tot Extrasalarial Eq]] -> #DIV/0! | CC9: =DATOS_[[#This Row],[S.BASE]] -> 0 | CD9: =+SUM(DATOS_[[#This Row],[Conc.Sal.01]:[Conc.Sal.30]]) -> 0 | CE9: =+DATOS_[[#This Row],[SALARIO BASE Ef]]+DATOS_[[#This Row],[Tot COMPL.SAL Ef]] -> 0 | CF9: =+SUM(DATOS_[[#This Row],[C.Extra.01]:[C.Extra.05]]) -> 0 | CG9: =+DATOS_[[#This Row],[TOTAL SALARIO Ef]]+DATOS_[[#This Row],[Tot Extrasalarial Ef]] -> 0 | CH9: =MIN(IF(DATOS_[[#This Row],[Fecha Fin Contrato]]="",$D$4,DATOS_[[#This Row],[Fecha Fin Contrato]]),$D$4)-MAX(DATOS_[[#This Row],[Fecha de Contratación]],$D$3)+1 -> 1 | CI9: =IF(COUNTIFS(DATOS_[id],DATOS_[[#This Row],[id]])>1,DATOS_[[#This Row],[id]],"") | CJ9: =(Inicio!$G$10-DATOS_[[#This Row],[Fecha Nacimiento]])/365.25 -> 0 | CK9: =(Inicio!$G$10-DATOS_[[#This Row],[Fecha de Antigüedad]])/365.25 -> 0 | CL9: =+VLOOKUP(DATOS_[[#This Row],[Clave de Contrato]],TblTiposContrato13[],3,0) -> #N/A | CM9: =+VLOOKUP(DATOS_[[#This Row],[Clave de Contrato]],TblTiposContrato13[],4,0) -> #N/A | CN9: =VLOOKUP(DATOS_[[#This Row],[Edad]],CONTRATOS!TblRngEdad,2,1) -> 20 o menos | CO9: =VLOOKUP(DATOS_[[#This Row],[Antigüedad]],TblRngAntg14[],2,1) -> 0 a 1 años
BN10: =+MAX($D$3,DATOS_[[#This Row],[Fecha Inicio Sit. Contract.]]) -> 0 | BO10: =+MIN($D$4,DATOS_[[#This Row],[Fecha Fin Sit. Contract.]]) -> 0 | BP10: =+DATOS_[[#This Row],[% de jornada]]*IF(DATOS_[[#This Row],[% jornada reducida]]="",1,DATOS_[[#This Row],[% jornada reducida]]) -> 0 | BQ10: =+(DATOS_[[#This Row],[F.fin.cal]]-DATOS_[[#This Row],[F.ini.cal]]+1)/($D$4-$D$3+1) -> 1 | BR10: =IF(OR(AND(DATOS_[[#This Row],[Fecha Fin Contrato]]<$D$3,DATOS_[[#This Row],[Fecha Fin Contrato]]<>""),DATOS_[[#This Row],[Fecha de Contratación]]>$D$4),"Fuera","Dentro") -> Dentro | BS10: {=IF(MAX(IF(DATOS_[id]=DATOS_[[#This Row],[id]],DATOS_[F.fin.cal]))=DATOS_[[#This Row],[F.fin.cal]],"Sí","NO")} -> Sí | BT10: =IF(AND(DATOS_[[#This Row],[% normaliz]]<>1,DATOS_[[#This Row],[% anualiz]]=1),"Sí","NO") -> Sí | BU10: =IF(AND(DATOS_[[#This Row],[% normaliz]]=1,DATOS_[[#This Row],[% anualiz]]<>1),"Sí","NO") -> NO | BV10: =IF(AND(DATOS_[[#This Row],[% normaliz]]<>1,DATOS_[[#This Row],[% anualiz]]<>1),"Sí","NO") -> NO | BW10: =+IF(DATOS_[[#This Row],[% normaliz]]*DATOS_[[#This Row],[% anualiz]]=1,"NO","Sí") -> Sí | BX10: =(DATOS_[[#This Row],[S.BASE]]*(1/DATOS_[[#This Row],[% normaliz]])*(1/DATOS_[[#This Row],[% anualiz]]))*IF(DATOS_[[#This Row],[Check Equiparado]]="Sí",1,0) -> #DIV/0! | BY10: =(SUMPRODUCT((RngTipo=$BY$7)*(rngAnualizable="Sí")*(rngNormalizable="Sí")*(DATOS_[[#This Row],[Conc.Sal.01]:[C.Extra.05]]))*(1/DATOS_[[#This Row],[% anualiz]])*(1/DATOS_[[#This Row],[% normaliz]]) +SUMPRODUCT((RngTipo=$BY$7)*(rngAnualizable="Sí")*(rngNormalizable="No")*(DATOS_[[#This Row],[Conc.Sal.01]:[C.Extra.05]]))*(1/DATOS_[[#This Row],[% anualiz]]) +SUMPRODUCT((RngTipo=$BY$7)*(rngAnualizable="No")*(rngNormalizable="Sí")*(DATOS_[[#This Row],[Conc.Sal.01]:[C.Extra.05]]))*(1/DATOS_[[#This Row],[% normaliz]]) +SUMPRODUCT((RngTipo=$BY$7)*(rngAnualizable="No")*(rngNormalizable="No")*(DATOS_[[#This Row],[Conc.Sal.01]:[C.Extra.05]]))) *IF(DATOS_[[#This Row],[Check Equiparado]]="Sí",1,0) -> #DIV/0! | BZ10: =+DATOS_[[#This Row],[SALARIO BASE Eq]]+DATOS_[[#This Row],[Tot COMPL.SAL Eq]] -> #DIV/0! | CA10: {=(SUMPRODUCT((RngTipo=$CA$7)*(rngAnualizable="Sí")*(rngNormalizable="Sí")*(DATOS_[[#This Row],[Conc.Sal.01]:[C.Extra.05]]))*(1/DATOS_[[#This Row],[% anualiz]])*(1/DATOS_[[#This Row],[% normaliz]]) +SUMPRODUCT((RngTipo=$CA$7)*(rngAnualizable="Sí")*(rngNormalizable="No")*(DATOS_[[#This Row],[Conc.Sal.01]:[C.Extra.05]]))*(1/DATOS_[[#This Row],[% anualiz]]) +SUMPRODUCT((RngTipo=$CA$7)*(rngAnualizable="No")*(rngNormalizable="Sí")*(DATOS_[[#This Row],[Conc.Sal.01]:[C.Extra.05]]))*(1/DATOS_[[#This Row],[% normaliz]]) +SUMPRODUCT((RngTipo=$CA$7)*(rngAnualizable="No")*(rngNormalizable="No")*(DATOS_[[#This Row],[Conc.Sal.01]:[C.Extra.05]]))) *IF(DATOS_[[#This Row],[Check Equiparado]]="Sí",1,0)} -> #DIV/0! | CB10: =+DATOS_[[#This Row],[TOTAL SALARIO Eq]]+DATOS_[[#This Row],[Tot Extrasalarial Eq]] -> #DIV/0! | CC10: =DATOS_[[#This Row],[S.BASE]] -> 0 | CD10: =+SUM(DATOS_[[#This Row],[Conc.Sal.01]:[Conc.Sal.30]]) -> 0 | CE10: =+DATOS_[[#This Row],[SALARIO BASE Ef]]+DATOS_[[#This Row],[Tot COMPL.SAL Ef]] -> 0 | CF10: =+SUM(DATOS_[[#This Row],[C.Extra.01]:[C.Extra.05]]) -> 0 | CG10: =+DATOS_[[#This Row],[TOTAL SALARIO Ef]]+DATOS_[[#This Row],[Tot Extrasalarial Ef]] -> 0 | CH10: =MIN(IF(DATOS_[[#This Row],[Fecha Fin Contrato]]="",$D$4,DATOS_[[#This Row],[Fecha Fin Contrato]]),$D$4)-MAX(DATOS_[[#This Row],[Fecha de Contratación]],$D$3)+1 -> 1 | CI10: =IF(COUNTIFS(DATOS_[id],DATOS_[[#This Row],[id]])>1,DATOS_[[#This Row],[id]],"") | CJ10: =(Inicio!$G$10-DATOS_[[#This Row],[Fecha Nacimiento]])/365.25 -> 0 | CK10: =(Inicio!$G$10-DATOS_[[#This Row],[Fecha de Antigüedad]])/365.25 -> 0 | CL10: =+VLOOKUP(DATOS_[[#This Row],[Clave de Contrato]],TblTiposContrato13[],3,0) -> #N/A | CM10: =+VLOOKUP(DATOS_[[#This Row],[Clave de Contrato]],TblTiposContrato13[],4,0) -> #N/A | CN10: =VLOOKUP(DATOS_[[#This Row],[Edad]],CONTRATOS!TblRngEdad,2,1) -> 20 o menos | CO10: =VLOOKUP(DATOS_[[#This Row],[Antigüedad]],TblRngAntg14[],2,1) -> 0 a 1 años
BN11: =+MAX($D$3,DATOS_[[#This Row],[Fecha Inicio Sit. Contract.]]) -> 0 | BO11: =+MIN($D$4,DATOS_[[#This Row],[Fecha Fin Sit. Contract.]]) -> 0 | BP11: =+DATOS_[[#This Row],[% de jornada]]*IF(DATOS_[[#This Row],[% jornada reducida]]="",1,DATOS_[[#This Row],[% jornada reducida]]) -> 0 | BQ11: =+(DATOS_[[#This Row],[F.fin.cal]]-DATOS_[[#This Row],[F.ini.cal]]+1)/($D$4-$D$3+1) -> 1 | BR11: =IF(OR(AND(DATOS_[[#This Row],[Fecha Fin Contrato]]<$D$3,DATOS_[[#This Row],[Fecha Fin Contrato]]<>""),DATOS_[[#This Row],[Fecha de Contratación]]>$D$4),"Fuera","Dentro") -> Dentro | BS11: {=IF(MAX(IF(DATOS_[id]=DATOS_[[#This Row],[id]],DATOS_[F.fin.cal]))=DATOS_[[#This Row],[F.fin.cal]],"Sí","NO")} -> Sí | BT11: =IF(AND(DATOS_[[#This Row],[% normaliz]]<>1,DATOS_[[#This Row],[% anualiz]]=1),"Sí","NO") -> Sí | BU11: =IF(AND(DATOS_[[#This Row],[% normaliz]]=1,DATOS_[[#This Row],[% anualiz]]<>1),"Sí","NO") -> NO | BV11: =IF(AND(DATOS_[[#This Row],[% normaliz]]<>1,DATOS_[[#This Row],[% anualiz]]<>1),"Sí","NO") -> NO | BW11: =+IF(DATOS_[[#This Row],[% normaliz]]*DATOS_[[#This Row],[% anualiz]]=1,"NO","Sí") -> Sí | BX11: =(DATOS_[[#This Row],[S.BASE]]*(1/DATOS_[[#This Row],[% normaliz]])*(1/DATOS_[[#This Row],[% anualiz]]))*IF(DATOS_[[#This Row],[Check Equiparado]]="Sí",1,0) -> #DIV/0! | BY11: =(SUMPRODUCT((RngTipo=$BY$7)*(rngAnualizable="Sí")*(rngNormalizable="Sí")*(DATOS_[[#This Row],[Conc.Sal.01]:[C.Extra.05]]))*(1/DATOS_[[#This Row],[% anualiz]])*(1/DATOS_[[#This Row],[% normaliz]]) +SUMPRODUCT((RngTipo=$BY$7)*(rngAnualizable="Sí")*(rngNormalizable="No")*(DATOS_[[#This Row],[Conc.Sal.01]:[C.Extra.05]]))*(1/DATOS_[[#This Row],[% anualiz]]) +SUMPRODUCT((RngTipo=$BY$7)*(rngAnualizable="No")*(rngNormalizable="Sí")*(DATOS_[[#This Row],[Conc.Sal.01]:[C.Extra.05]]))*(1/DATOS_[[#This Row],[% normaliz]]) +SUMPRODUCT((RngTipo=$BY$7)*(rngAnualizable="No")*(rngNormalizable="No")*(DATOS_[[#This Row],[Conc.Sal.01]:[C.Extra.05]]))) *IF(DATOS_[[#This Row],[Check Equiparado]]="Sí",1,0) -> #DIV/0! | BZ11: =+DATOS_[[#This Row],[SALARIO BASE Eq]]+DATOS_[[#This Row],[Tot COMPL.SAL Eq]] -> #DIV/0! | CA11: {=(SUMPRODUCT((RngTipo=$CA$7)*(rngAnualizable="Sí")*(rngNormalizable="Sí")*(DATOS_[[#This Row],[Conc.Sal.01]:[C.Extra.05]]))*(1/DATOS_[[#This Row],[% anualiz]])*(1/DATOS_[[#This Row],[% normaliz]]) +SUMPRODUCT((RngTipo=$CA$7)*(rngAnualizable="Sí")*(rngNormalizable="No")*(DATOS_[[#This Row],[Conc.Sal.01]:[C.Extra.05]]))*(1/DATOS_[[#This Row],[% anualiz]]) +SUMPRODUCT((RngTipo=$CA$7)*(rngAnualizable="No")*(rngNormalizable="Sí")*(DATOS_[[#This Row],[Conc.Sal.01]:[C.Extra.05]]))*(1/DATOS_[[#This Row],[% normaliz]]) +SUMPRODUCT((RngTipo=$CA$7)*(rngAnualizable="No")*(rngNormalizable="No")*(DATOS_[[#This Row],[Conc.Sal.01]:[C.Extra.05]]))) *IF(DATOS_[[#This Row],[Check Equiparado]]="Sí",1,0)} -> #DIV/0! | CB11: =+DATOS_[[#This Row],[TOTAL SALARIO Eq]]+DATOS_[[#This Row],[Tot Extrasalarial Eq]] -> #DIV/0! | CC11: =DATOS_[[#This Row],[S.BASE]] -> 0 | CD11: =+SUM(DATOS_[[#This Row],[Conc.Sal.01]:[Conc.Sal.30]]) -> 0 | CE11: =+DATOS_[[#This Row],[SALARIO BASE Ef]]+DATOS_[[#This Row],[Tot COMPL.SAL Ef]] -> 0 | CF11: =+SUM(DATOS_[[#This Row],[C.Extra.01]:[C.Extra.05]]) -> 0 | CG11: =+DATOS_[[#This Row],[TOTAL SALARIO Ef]]+DATOS_[[#This Row],[Tot Extrasalarial Ef]] -> 0 | CH11: =MIN(IF(DATOS_[[#This Row],[Fecha Fin Contrato]]="",$D$4,DATOS_[[#This Row],[Fecha Fin Contrato]]),$D$4)-MAX(DATOS_[[#This Row],[Fecha de Contratación]],$D$3)+1 -> 1 | CI11: =IF(COUNTIFS(DATOS_[id],DATOS_[[#This Row],[id]])>1,DATOS_[[#This Row],[id]],"") | CJ11: =(Inicio!$G$10-DATOS_[[#This Row],[Fecha Nacimiento]])/365.25 -> 0 | CK11: =(Inicio!$G$10-DATOS_[[#This Row],[Fecha de Antigüedad]])/365.25 -> 0 | CL11: =+VLOOKUP(DATOS_[[#This Row],[Clave de Contrato]],TblTiposContrato13[],3,0) -> #N/A | CM11: =+VLOOKUP(DATOS_[[#This Row],[Clave de Contrato]],TblTiposContrato13[],4,0) -> #N/A | CN11: =VLOOKUP(DATOS_[[#This Row],[Edad]],CONTRATOS!TblRngEdad,2,1) -> 20 o menos | CO11: =VLOOKUP(DATOS_[[#This Row],[Antigüedad]],TblRngAntg14[],2,1) -> 0 a 1 años
BN12: =+MAX($D$3,DATOS_[[#This Row],[Fecha Inicio Sit. Contract.]]) -> 0 | BO12: =+MIN($D$4,DATOS_[[#This Row],[Fecha Fin Sit. Contract.]]) -> 0 | BP12: =+DATOS_[[#This Row],[% de jornada]]*IF(DATOS_[[#This Row],[% jornada reducida]]="",1,DATOS_[[#This Row],[% jornada reducida]]) -> 0 | BQ12: =+(DATOS_[[#This Row],[F.fin.cal]]-DATOS_[[#This Row],[F.ini.cal]]+1)/($D$4-$D$3+1) -> 1 | BR12: =IF(OR(AND(DATOS_[[#This Row],[Fecha Fin Contrato]]<$D$3,DATOS_[[#This Row],[Fecha Fin Contrato]]<>""),DATOS_[[#This Row],[Fecha de Contratación]]>$D$4),"Fuera","Dentro") -> Dentro | BS12: {=IF(MAX(IF(DATOS_[id]=DATOS_[[#This Row],[id]],DATOS_[F.fin.cal]))=DATOS_[[#This Row],[F.fin.cal]],"Sí","NO")} -> Sí | BT12: =IF(AND(DATOS_[[#This Row],[% normaliz]]<>1,DATOS_[[#This Row],[% anualiz]]=1),"Sí","NO") -> Sí | BU12: =IF(AND(DATOS_[[#This Row],[% normaliz]]=1,DATOS_[[#This Row],[% anualiz]]<>1),"Sí","NO") -> NO | BV12: =IF(AND(DATOS_[[#This Row],[% normaliz]]<>1,DATOS_[[#This Row],[% anualiz]]<>1),"Sí","NO") -> NO | BW12: =+IF(DATOS_[[#This Row],[% normaliz]]*DATOS_[[#This Row],[% anualiz]]=1,"NO","Sí") -> Sí | BX12: =(DATOS_[[#This Row],[S.BASE]]*(1/DATOS_[[#This Row],[% normaliz]])*(1/DATOS_[[#This Row],[% anualiz]]))*IF(DATOS_[[#This Row],[Check Equiparado]]="Sí",1,0) -> #DIV/0! | BY12: =(SUMPRODUCT((RngTipo=$BY$7)*(rngAnualizable="Sí")*(rngNormalizable="Sí")*(DATOS_[[#This Row],[Conc.Sal.01]:[C.Extra.05]]))*(1/DATOS_[[#This Row],[% anualiz]])*(1/DATOS_[[#This Row],[% normaliz]]) +SUMPRODUCT((RngTipo=$BY$7)*(rngAnualizable="Sí")*(rngNormalizable="No")*(DATOS_[[#This Row],[Conc.Sal.01]:[C.Extra.05]]))*(1/DATOS_[[#This Row],[% anualiz]]) +SUMPRODUCT((RngTipo=$BY$7)*(rngAnualizable="No")*(rngNormalizable="Sí")*(DATOS_[[#This Row],[Conc.Sal.01]:[C.Extra.05]]))*(1/DATOS_[[#This Row],[% normaliz]]) +SUMPRODUCT((RngTipo=$BY$7)*(rngAnualizable="No")*(rngNormalizable="No")*(DATOS_[[#This Row],[Conc.Sal.01]:[C.Extra.05]]))) *IF(DATOS_[[#This Row],[Check Equiparado]]="Sí",1,0) -> #DIV/0! | BZ12: =+DATOS_[[#This Row],[SALARIO BASE Eq]]+DATOS_[[#This Row],[Tot COMPL.SAL Eq]] -> #DIV/0! | CA12: {=(SUMPRODUCT((RngTipo=$CA$7)*(rngAnualizable="Sí")*(rngNormalizable="Sí")*(DATOS_[[#This Row],[Conc.Sal.01]:[C.Extra.05]]))*(1/DATOS_[[#This Row],[% anualiz]])*(1/DATOS_[[#This Row],[% normaliz]]) +SUMPRODUCT((RngTipo=$CA$7)*(rngAnualizable="Sí")*(rngNormalizable="No")*(DATOS_[[#This Row],[Conc.Sal.01]:[C.Extra.05]]))*(1/DATOS_[[#This Row],[% anualiz]]) +SUMPRODUCT((RngTipo=$CA$7)*(rngAnualizable="No")*(rngNormalizable="Sí")*(DATOS_[[#This Row],[Conc.Sal.01]:[C.Extra.05]]))*(1/DATOS_[[#This Row],[% normaliz]]) +SUMPRODUCT((RngTipo=$CA$7)*(rngAnualizable="No")*(rngNormalizable="No")*(DATOS_[[#This Row],[Conc.Sal.01]:[C.Extra.05]]))) *IF(DATOS_[[#This Row],[Check Equiparado]]="Sí",1,0)} -> #DIV/0! | CB12: =+DATOS_[[#This Row],[TOTAL SALARIO Eq]]+DATOS_[[#This Row],[Tot Extrasalarial Eq]] -> #DIV/0! | CC12: =DATOS_[[#This Row],[S.BASE]] -> 0 | CD12: =+SUM(DATOS_[[#This Row],[Conc.Sal.01]:[Conc.Sal.30]]) -> 0 | CE12: =+DATOS_[[#This Row],[SALARIO BASE Ef]]+DATOS_[[#This Row],[Tot COMPL.SAL Ef]] -> 0 | CF12: =+SUM(DATOS_[[#This Row],[C.Extra.01]:[C.Extra.05]]) -> 0 | CG12: =+DATOS_[[#This Row],[TOTAL SALARIO Ef]]+DATOS_[[#This Row],[Tot Extrasalarial Ef]] -> 0 | CH12: =MIN(IF(DATOS_[[#This Row],[Fecha Fin Contrato]]="",$D$4,DATOS_[[#This Row],[Fecha Fin Contrato]]),$D$4)-MAX(DATOS_[[#This Row],[Fecha de Contratación]],$D$3)+1 -> 1 | CI12: =IF(COUNTIFS(DATOS_[id],DATOS_[[#This Row],[id]])>1,DATOS_[[#This Row],[id]],"") | CJ12: =(Inicio!$G$10-DATOS_[[#This Row],[Fecha Nacimiento]])/365.25 -> 0 | CK12: =(Inicio!$G$10-DATOS_[[#This Row],[Fecha de Antigüedad]])/365.25 -> 0 | CL12: =+VLOOKUP(DATOS_[[#This Row],[Clave de Contrato]],TblTiposContrato13[],3,0) -> #N/A | CM12: =+VLOOKUP(DATOS_[[#This Row],[Clave de Contrato]],TblTiposContrato13[],4,0) -> #N/A | CN12: =VLOOKUP(DATOS_[[#This Row],[Edad]],CONTRATOS!TblRngEdad,2,1) -> 20 o menos | CO12: =VLOOKUP(DATOS_[[#This Row],[Antigüedad]],TblRngAntg14[],2,1) -> 0 a 1 años
BN13: =+MAX($D$3,DATOS_[[#This Row],[Fecha Inicio Sit. Contract.]]) -> 0 | BO13: =+MIN($D$4,DATOS_[[#This Row],[Fecha Fin Sit. Contract.]]) -> 0 | BP13: =+DATOS_[[#This Row],[% de jornada]]*IF(DATOS_[[#This Row],[% jornada reducida]]="",1,DATOS_[[#This Row],[% jornada reducida]]) -> 0 | BQ13: =+(DATOS_[[#This Row],[F.fin.cal]]-DATOS_[[#This Row],[F.ini.cal]]+1)/($D$4-$D$3+1) -> 1 | BR13: =IF(OR(AND(DATOS_[[#This Row],[Fecha Fin Contrato]]<$D$3,DATOS_[[#This Row],[Fecha Fin Contrato]]<>""),DATOS_[[#This Row],[Fecha de Contratación]]>$D$4),"Fuera","Dentro") -> Dentro | BS13: {=IF(MAX(IF(DATOS_[id]=DATOS_[[#This Row],[id]],DATOS_[F.fin.cal]))=DATOS_[[#This Row],[F.fin.cal]],"Sí","NO")} -> Sí | BT13: =IF(AND(DATOS_[[#This Row],[% normaliz]]<>1,DATOS_[[#This Row],[% anualiz]]=1),"Sí","NO") -> Sí | BU13: =IF(AND(DATOS_[[#This Row],[% normaliz]]=1,DATOS_[[#This Row],[% anualiz]]<>1),"Sí","NO") -> NO | BV13: =IF(AND(DATOS_[[#This Row],[% normaliz]]<>1,DATOS_[[#This Row],[% anualiz]]<>1),"Sí","NO") -> NO | BW13: =+IF(DATOS_[[#This Row],[% normaliz]]*DATOS_[[#This Row],[% anualiz]]=1,"NO","Sí") -> Sí | BX13: =(DATOS_[[#This Row],[S.BASE]]*(1/DATOS_[[#This Row],[% normaliz]])*(1/DATOS_[[#This Row],[% anualiz]]))*IF(DATOS_[[#This Row],[Check Equiparado]]="Sí",1,0) -> #DIV/0! | BY13: =(SUMPRODUCT((RngTipo=$BY$7)*(rngAnualizable="Sí")*(rngNormalizable="Sí")*(DATOS_[[#This Row],[Conc.Sal.01]:[C.Extra.05]]))*(1/DATOS_[[#This Row],[% anualiz]])*(1/DATOS_[[#This Row],[% normaliz]]) +SUMPRODUCT((RngTipo=$BY$7)*(rngAnualizable="Sí")*(rngNormalizable="No")*(DATOS_[[#This Row],[Conc.Sal.01]:[C.Extra.05]]))*(1/DATOS_[[#This Row],[% anualiz]]) +SUMPRODUCT((RngTipo=$BY$7)*(rngAnualizable="No")*(rngNormalizable="Sí")*(DATOS_[[#This Row],[Conc.Sal.01]:[C.Extra.05]]))*(1/DATOS_[[#This Row],[% normaliz]]) +SUMPRODUCT((RngTipo=$BY$7)*(rngAnualizable="No")*(rngNormalizable="No")*(DATOS_[[#This Row],[Conc.Sal.01]:[C.Extra.05]]))) *IF(DATOS_[[#This Row],[Check Equiparado]]="Sí",1,0) -> #DIV/0! | BZ13: =+DATOS_[[#This Row],[SALARIO BASE Eq]]+DATOS_[[#This Row],[Tot COMPL.SAL Eq]] -> #DIV/0! | CA13: {=(SUMPRODUCT((RngTipo=$CA$7)*(rngAnualizable="Sí")*(rngNormalizable="Sí")*(DATOS_[[#This Row],[Conc.Sal.01]:[C.Extra.05]]))*(1/DATOS_[[#This Row],[% anualiz]])*(1/DATOS_[[#This Row],[% normaliz]]) +SUMPRODUCT((RngTipo=$CA$7)*(rngAnualizable="Sí")*(rngNormalizable="No")*(DATOS_[[#This Row],[Conc.Sal.01]:[C.Extra.05]]))*(1/DATOS_[[#This Row],[% anualiz]]) +SUMPRODUCT((RngTipo=$CA$7)*(rngAnualizable="No")*(rngNormalizable="Sí")*(DATOS_[[#This Row],[Conc.Sal.01]:[C.Extra.05]]))*(1/DATOS_[[#This Row],[% normaliz]]) +SUMPRODUCT((RngTipo=$CA$7)*(rngAnualizable="No")*(rngNormalizable="No")*(DATOS_[[#This Row],[Conc.Sal.01]:[C.Extra.05]]))) *IF(DATOS_[[#This Row],[Check Equiparado]]="Sí",1,0)} -> #DIV/0! | CB13: =+DATOS_[[#This Row],[TOTAL SALARIO Eq]]+DATOS_[[#This Row],[Tot Extrasalarial Eq]] -> #DIV/0! | CC13: =DATOS_[[#This Row],[S.BASE]] -> 0 | CD13: =+SUM(DATOS_[[#This Row],[Conc.Sal.01]:[Conc.Sal.30]]) -> 0 | CE13: =+DATOS_[[#This Row],[SALARIO BASE Ef]]+DATOS_[[#This Row],[Tot COMPL.SAL Ef]] -> 0 | CF13: =+SUM(DATOS_[[#This Row],[C.Extra.01]:[C.Extra.05]]) -> 0 | CG13: =+DATOS_[[#This Row],[TOTAL SALARIO Ef]]+DATOS_[[#This Row],[Tot Extrasalarial Ef]] -> 0 | CH13: =MIN(IF(DATOS_[[#This Row],[Fecha Fin Contrato]]="",$D$4,DATOS_[[#This Row],[Fecha Fin Contrato]]),$D$4)-MAX(DATOS_[[#This Row],[Fecha de Contratación]],$D$3)+1 -> 1 | CI13: =IF(COUNTIFS(DATOS_[id],DATOS_[[#This Row],[id]])>1,DATOS_[[#This Row],[id]],"") | CJ13: =(Inicio!$G$10-DATOS_[[#This Row],[Fecha Nacimiento]])/365.25 -> 0 | CK13: =(Inicio!$G$10-DATOS_[[#This Row],[Fecha de Antigüedad]])/365.25 -> 0 | CL13: =+VLOOKUP(DATOS_[[#This Row],[Clave de Contrato]],TblTiposContrato13[],3,0) -> #N/A | CM13: =+VLOOKUP(DATOS_[[#This Row],[Clave de Contrato]],TblTiposContrato13[],4,0) -> #N/A | CN13: =VLOOKUP(DATOS_[[#This Row],[Edad]],CONTRATOS!TblRngEdad,2,1) -> 20 o menos | CO13: =VLOOKUP(DATOS_[[#This Row],[Antigüedad]],TblRngAntg14[],2,1) -> 0 a 1 años
BN14: =+MAX($D$3,DATOS_[[#This Row],[Fecha Inicio Sit. Contract.]]) -> 0 | BO14: =+MIN($D$4,DATOS_[[#This Row],[Fecha Fin Sit. Contract.]]) -> 0 | BP14: =+DATOS_[[#This Row],[% de jornada]]*IF(DATOS_[[#This Row],[% jornada reducida]]="",1,DATOS_[[#This Row],[% jornada reducida]]) -> 0 | BQ14: =+(DATOS_[[#This Row],[F.fin.cal]]-DATOS_[[#This Row],[F.ini.cal]]+1)/($D$4-$D$3+1) -> 1 | BR14: =IF(OR(AND(DATOS_[[#This Row],[Fecha Fin Contrato]]<$D$3,DATOS_[[#This Row],[Fecha Fin Contrato]]<>""),DATOS_[[#This Row],[Fecha de Contratación]]>$D$4),"Fuera","Dentro") -> Dentro | BS14: {=IF(MAX(IF(DATOS_[id]=DATOS_[[#This Row],[id]],DATOS_[F.fin.cal]))=DATOS_[[#This Row],[F.fin.cal]],"Sí","NO")} -> Sí | BT14: =IF(AND(DATOS_[[#This Row],[% normaliz]]<>1,DATOS_[[#This Row],[% anualiz]]=1),"Sí","NO") -> Sí | BU14: =IF(AND(DATOS_[[#This Row],[% normaliz]]=1,DATOS_[[#This Row],[% anualiz]]<>1),"Sí","NO") -> NO | BV14: =IF(AND(DATOS_[[#This Row],[% normaliz]]<>1,DATOS_[[#This Row],[% anualiz]]<>1),"Sí","NO") -> NO | BW14: =+IF(DATOS_[[#This Row],[% normaliz]]*DATOS_[[#This Row],[% anualiz]]=1,"NO","Sí") -> Sí | BX14: =(DATOS_[[#This Row],[S.BASE]]*(1/DATOS_[[#This Row],[% normaliz]])*(1/DATOS_[[#This Row],[% anualiz]]))*IF(DATOS_[[#This Row],[Check Equiparado]]="Sí",1,0) -> #DIV/0! | BY14: =(SUMPRODUCT((RngTipo=$BY$7)*(rngAnualizable="Sí")*(rngNormalizable="Sí")*(DATOS_[[#This Row],[Conc.Sal.01]:[C.Extra.05]]))*(1/DATOS_[[#This Row],[% anualiz]])*(1/DATOS_[[#This Row],[% normaliz]]) +SUMPRODUCT((RngTipo=$BY$7)*(rngAnualizable="Sí")*(rngNormalizable="No")*(DATOS_[[#This Row],[Conc.Sal.01]:[C.Extra.05]]))*(1/DATOS_[[#This Row],[% anualiz]]) +SUMPRODUCT((RngTipo=$BY$7)*(rngAnualizable="No")*(rngNormalizable="Sí")*(DATOS_[[#This Row],[Conc.Sal.01]:[C.Extra.05]]))*(1/DATOS_[[#This Row],[% normaliz]]) +SUMPRODUCT((RngTipo=$BY$7)*(rngAnualizable="No")*(rngNormalizable="No")*(DATOS_[[#This Row],[Conc.Sal.01]:[C.Extra.05]]))) *IF(DATOS_[[#This Row],[Check Equiparado]]="Sí",1,0) -> #DIV/0! | BZ14: =+DATOS_[[#This Row],[SALARIO BASE Eq]]+DATOS_[[#This Row],[Tot COMPL.SAL Eq]] -> #DIV/0! | CA14: {=(SUMPRODUCT((RngTipo=$CA$7)*(rngAnualizable="Sí")*(rngNormalizable="Sí")*(DATOS_[[#This Row],[Conc.Sal.01]:[C.Extra.05]]))*(1/DATOS_[[#This Row],[% anualiz]])*(1/DATOS_[[#This Row],[% normaliz]]) +SUMPRODUCT((RngTipo=$CA$7)*(rngAnualizable="Sí")*(rngNormalizable="No")*(DATOS_[[#This Row],[Conc.Sal.01]:[C.Extra.05]]))*(1/DATOS_[[#This Row],[% anualiz]]) +SUMPRODUCT((RngTipo=$CA$7)*(rngAnualizable="No")*(rngNormalizable="Sí")*(DATOS_[[#This Row],[Conc.Sal.01]:[C.Extra.05]]))*(1/DATOS_[[#This Row],[% normaliz]]) +SUMPRODUCT((RngTipo=$CA$7)*(rngAnualizable="No")*(rngNormalizable="No")*(DATOS_[[#This Row],[Conc.Sal.01]:[C.Extra.05]]))) *IF(DATOS_[[#This Row],[Check Equiparado]]="Sí",1,0)} -> #DIV/0! | CB14: =+DATOS_[[#This Row],[TOTAL SALARIO Eq]]+DATOS_[[#This Row],[Tot Extrasalarial Eq]] -> #DIV/0! | CC14: =DATOS_[[#This Row],[S.BASE]] -> 0 | CD14: =+SUM(DATOS_[[#This Row],[Conc.Sal.01]:[Conc.Sal.30]]) -> 0 | CE14: =+DATOS_[[#This Row],[SALARIO BASE Ef]]+DATOS_[[#This Row],[Tot COMPL.SAL Ef]] -> 0 | CF14: =+SUM(DATOS_[[#This Row],[C.Extra.01]:[C.Extra.05]]) -> 0 | CG14: =+DATOS_[[#This Row],[TOTAL SALARIO Ef]]+DATOS_[[#This Row],[Tot Extrasalarial Ef]] -> 0 | CH14: =MIN(IF(DATOS_[[#This Row],[Fecha Fin Contrato]]="",$D$4,DATOS_[[#This Row],[Fecha Fin Contrato]]),$D$4)-MAX(DATOS_[[#This Row],[Fecha de Contratación]],$D$3)+1 -> 1 | CI14: =IF(COUNTIFS(DATOS_[id],DATOS_[[#This Row],[id]])>1,DATOS_[[#This Row],[id]],"") | CJ14: =(Inicio!$G$10-DATOS_[[#This Row],[Fecha Nacimiento]])/365.25 -> 0 | CK14: =(Inicio!$G$10-DATOS_[[#This Row],[Fecha de Antigüedad]])/365.25 -> 0 | CL14: =+VLOOKUP(DATOS_[[#This Row],[Clave de Contrato]],TblTiposContrato13[],3,0) -> #N/A | CM14: =+VLOOKUP(DATOS_[[#This Row],[Clave de Contrato]],TblTiposContrato13[],4,0) -> #N/A | CN14: =VLOOKUP(DATOS_[[#This Row],[Edad]],CONTRATOS!TblRngEdad,2,1) -> 20 o menos | CO14: =VLOOKUP(DATOS_[[#This Row],[Antigüedad]],TblRngAntg14[],2,1) -> 0 a 1 años
BN15: =+MAX($D$3,DATOS_[[#This Row],[Fecha Inicio Sit. Contract.]]) -> 0 | BO15: =+MIN($D$4,DATOS_[[#This Row],[Fecha Fin Sit. Contract.]]) -> 0 | BP15: =+DATOS_[[#This Row],[% de jornada]]*IF(DATOS_[[#This Row],[% jornada reducida]]="",1,DATOS_[[#This Row],[% jornada reducida]]) -> 0 | BQ15: =+(DATOS_[[#This Row],[F.fin.cal]]-DATOS_[[#This Row],[F.ini.cal]]+1)/($D$4-$D$3+1) -> 1 | BR15: =IF(OR(AND(DATOS_[[#This Row],[Fecha Fin Contrato]]<$D$3,DATOS_[[#This Row],[Fecha Fin Contrato]]<>""),DATOS_[[#This Row],[Fecha de Contratación]]>$D$4),"Fuera","Dentro") -> Dentro | BS15: {=IF(MAX(IF(DATOS_[id]=DATOS_[[#This Row],[id]],DATOS_[F.fin.cal]))=DATOS_[[#This Row],[F.fin.cal]],"Sí","NO")} -> Sí | BT15: =IF(AND(DATOS_[[#This Row],[% normaliz]]<>1,DATOS_[[#This Row],[% anualiz]]=1),"Sí","NO") -> Sí | BU15: =IF(AND(DATOS_[[#This Row],[% normaliz]]=1,DATOS_[[#This Row],[% anualiz]]<>1),"Sí","NO") -> NO | BV15: =IF(AND(DATOS_[[#This Row],[% normaliz]]<>1,DATOS_[[#This Row],[% anualiz]]<>1),"Sí","NO") -> NO | BW15: =+IF(DATOS_[[#This Row],[% normaliz]]*DATOS_[[#This Row],[% anualiz]]=1,"NO","Sí") -> Sí | BX15: =(DATOS_[[#This Row],[S.BASE]]*(1/DATOS_[[#This Row],[% normaliz]])*(1/DATOS_[[#This Row],[% anualiz]]))*IF(DATOS_[[#This Row],[Check Equiparado]]="Sí",1,0) -> #DIV/0! | BY15: =(SUMPRODUCT((RngTipo=$BY$7)*(rngAnualizable="Sí")*(rngNormalizable="Sí")*(DATOS_[[#This Row],[Conc.Sal.01]:[C.Extra.05]]))*(1/DATOS_[[#This Row],[% anualiz]])*(1/DATOS_[[#This Row],[% normaliz]]) +SUMPRODUCT((RngTipo=$BY$7)*(rngAnualizable="Sí")*(rngNormalizable="No")*(DATOS_[[#This Row],[Conc.Sal.01]:[C.Extra.05]]))*(1/DATOS_[[#This Row],[% anualiz]]) +SUMPRODUCT((RngTipo=$BY$7)*(rngAnualizable="No")*(rngNormalizable="Sí")*(DATOS_[[#This Row],[Conc.Sal.01]:[C.Extra.05]]))*(1/DATOS_[[#This Row],[% normaliz]]) +SUMPRODUCT((RngTipo=$BY$7)*(rngAnualizable="No")*(rngNormalizable="No")*(DATOS_[[#This Row],[Conc.Sal.01]:[C.Extra.05]]))) *IF(DATOS_[[#This Row],[Check Equiparado]]="Sí",1,0) -> #DIV/0! | BZ15: =+DATOS_[[#This Row],[SALARIO BASE Eq]]+DATOS_[[#This Row],[Tot COMPL.SAL Eq]] -> #DIV/0! | CA15: {=(SUMPRODUCT((RngTipo=$CA$7)*(rngAnualizable="Sí")*(rngNormalizable="Sí")*(DATOS_[[#This Row],[Conc.Sal.01]:[C.Extra.05]]))*(1/DATOS_[[#This Row],[% anualiz]])*(1/DATOS_[[#This Row],[% normaliz]]) +SUMPRODUCT((RngTipo=$CA$7)*(rngAnualizable="Sí")*(rngNormalizable="No")*(DATOS_[[#This Row],[Conc.Sal.01]:[C.Extra.05]]))*(1/DATOS_[[#This Row],[% anualiz]]) +SUMPRODUCT((RngTipo=$CA$7)*(rngAnualizable="No")*(rngNormalizable="Sí")*(DATOS_[[#This Row],[Conc.Sal.01]:[C.Extra.05]]))*(1/DATOS_[[#This Row],[% normaliz]]) +SUMPRODUCT((RngTipo=$CA$7)*(rngAnualizable="No")*(rngNormalizable="No")*(DATOS_[[#This Row],[Conc.Sal.01]:[C.Extra.05]]))) *IF(DATOS_[[#This Row],[Check Equiparado]]="Sí",1,0)} -> #DIV/0! | CB15: =+DATOS_[[#This Row],[TOTAL SALARIO Eq]]+DATOS_[[#This Row],[Tot Extrasalarial Eq]] -> #DIV/0! | CC15: =DATOS_[[#This Row],[S.BASE]] -> 0 | CD15: =+SUM(DATOS_[[#This Row],[Conc.Sal.01]:[Conc.Sal.30]]) -> 0 | CE15: =+DATOS_[[#This Row],[SALARIO BASE Ef]]+DATOS_[[#This Row],[Tot COMPL.SAL Ef]] -> 0 | CF15: =+SUM(DATOS_[[#This Row],[C.Extra.01]:[C.Extra.05]]) -> 0 | CG15: =+DATOS_[[#This Row],[TOTAL SALARIO Ef]]+DATOS_[[#This Row],[Tot Extrasalarial Ef]] -> 0 | CH15: =MIN(IF(DATOS_[[#This Row],[Fecha Fin Contrato]]="",$D$4,DATOS_[[#This Row],[Fecha Fin Contrato]]),$D$4)-MAX(DATOS_[[#This Row],[Fecha de Contratación]],$D$3)+1 -> 1 | CI15: =IF(COUNTIFS(DATOS_[id],DATOS_[[#This Row],[id]])>1,DATOS_[[#This Row],[id]],"") | CJ15: =(Inicio!$G$10-DATOS_[[#This Row],[Fecha Nacimiento]])/365.25 -> 0 | CK15: =(Inicio!$G$10-DATOS_[[#This Row],[Fecha de Antigüedad]])/365.25 -> 0 | CL15: =+VLOOKUP(DATOS_[[#This Row],[Clave de Contrato]],TblTiposContrato13[],3,0) -> #N/A | CM15: =+VLOOKUP(DATOS_[[#This Row],[Clave de Contrato]],TblTiposContrato13[],4,0) -> #N/A | CN15: =VLOOKUP(DATOS_[[#This Row],[Edad]],CONTRATOS!TblRngEdad,2,1) -> 20 o menos | CO15: =VLOOKUP(DATOS_[[#This Row],[Antigüedad]],TblRngAntg14[],2,1) -> 0 a 1 años
BN16: =+MAX($D$3,DATOS_[[#This Row],[Fecha Inicio Sit. Contract.]]) -> 0 | BO16: =+MIN($D$4,DATOS_[[#This Row],[Fecha Fin Sit. Contract.]]) -> 0 | BP16: =+DATOS_[[#This Row],[% de jornada]]*IF(DATOS_[[#This Row],[% jornada reducida]]="",1,DATOS_[[#This Row],[% jornada reducida]]) -> 0 | BQ16: =+(DATOS_[[#This Row],[F.fin.cal]]-DATOS_[[#This Row],[F.ini.cal]]+1)/($D$4-$D$3+1) -> 1 | BR16: =IF(OR(AND(DATOS_[[#This Row],[Fecha Fin Contrato]]<$D$3,DATOS_[[#This Row],[Fecha Fin Contrato]]<>""),DATOS_[[#This Row],[Fecha de Contratación]]>$D$4),"Fuera","Dentro") -> Dentro | BS16: {=IF(MAX(IF(DATOS_[id]=DATOS_[[#This Row],[id]],DATOS_[F.fin.cal]))=DATOS_[[#This Row],[F.fin.cal]],"Sí","NO")} -> Sí | BT16: =IF(AND(DATOS_[[#This Row],[% normaliz]]<>1,DATOS_[[#This Row],[% anualiz]]=1),"Sí","NO") -> Sí | BU16: =IF(AND(DATOS_[[#This Row],[% normaliz]]=1,DATOS_[[#This Row],[% anualiz]]<>1),"Sí","NO") -> NO | BV16: =IF(AND(DATOS_[[#This Row],[% normaliz]]<>1,DATOS_[[#This Row],[% anualiz]]<>1),"Sí","NO") -> NO | BW16: =+IF(DATOS_[[#This Row],[% normaliz]]*DATOS_[[#This Row],[% anualiz]]=1,"NO","Sí") -> Sí | BX16: =(DATOS_[[#This Row],[S.BASE]]*(1/DATOS_[[#This Row],[% normaliz]])*(1/DATOS_[[#This Row],[% anualiz]]))*IF(DATOS_[[#This Row],[Check Equiparado]]="Sí",1,0) -> #DIV/0! | BY16: =(SUMPRODUCT((RngTipo=$BY$7)*(rngAnualizable="Sí")*(rngNormalizable="Sí")*(DATOS_[[#This Row],[Conc.Sal.01]:[C.Extra.05]]))*(1/DATOS_[[#This Row],[% anualiz]])*(1/DATOS_[[#This Row],[% normaliz]]) +SUMPRODUCT((RngTipo=$BY$7)*(rngAnualizable="Sí")*(rngNormalizable="No")*(DATOS_[[#This Row],[Conc.Sal.01]:[C.Extra.05]]))*(1/DATOS_[[#This Row],[% anualiz]]) +SUMPRODUCT((RngTipo=$BY$7)*(rngAnualizable="No")*(rngNormalizable="Sí")*(DATOS_[[#This Row],[Conc.Sal.01]:[C.Extra.05]]))*(1/DATOS_[[#This Row],[% normaliz]]) +SUMPRODUCT((RngTipo=$BY$7)*(rngAnualizable="No")*(rngNormalizable="No")*(DATOS_[[#This Row],[Conc.Sal.01]:[C.Extra.05]]))) *IF(DATOS_[[#This Row],[Check Equiparado]]="Sí",1,0) -> #DIV/0! | BZ16: =+DATOS_[[#This Row],[SALARIO BASE Eq]]+DATOS_[[#This Row],[Tot COMPL.SAL Eq]] -> #DIV/0! | CA16: {=(SUMPRODUCT((RngTipo=$CA$7)*(rngAnualizable="Sí")*(rngNormalizable="Sí")*(DATOS_[[#This Row],[Conc.Sal.01]:[C.Extra.05]]))*(1/DATOS_[[#This Row],[% anualiz]])*(1/DATOS_[[#This Row],[% normaliz]]) +SUMPRODUCT((RngTipo=$CA$7)*(rngAnualizable="Sí")*(rngNormalizable="No")*(DATOS_[[#This Row],[Conc.Sal.01]:[C.Extra.05]]))*(1/DATOS_[[#This Row],[% anualiz]]) +SUMPRODUCT((RngTipo=$CA$7)*(rngAnualizable="No")*(rngNormalizable="Sí")*(DATOS_[[#This Row],[Conc.Sal.01]:[C.Extra.05]]))*(1/DATOS_[[#This Row],[% normaliz]]) +SUMPRODUCT((RngTipo=$CA$7)*(rngAnualizable="No")*(rngNormalizable="No")*(DATOS_[[#This Row],[Conc.Sal.01]:[C.Extra.05]]))) *IF(DATOS_[[#This Row],[Check Equiparado]]="Sí",1,0)} -> #DIV/0! | CB16: =+DATOS_[[#This Row],[TOTAL SALARIO Eq]]+DATOS_[[#This Row],[Tot Extrasalarial Eq]] -> #DIV/0! | CC16: =DATOS_[[#This Row],[S.BASE]] -> 0 | CD16: =+SUM(DATOS_[[#This Row],[Conc.Sal.01]:[Conc.Sal.30]]) -> 0 | CE16: =+DATOS_[[#This Row],[SALARIO BASE Ef]]+DATOS_[[#This Row],[Tot COMPL.SAL Ef]] -> 0 | CF16: =+SUM(DATOS_[[#This Row],[C.Extra.01]:[C.Extra.05]]) -> 0 | CG16: =+DATOS_[[#This Row],[TOTAL SALARIO Ef]]+DATOS_[[#This Row],[Tot Extrasalarial Ef]] -> 0 | CH16: =MIN(IF(DATOS_[[#This Row],[Fecha Fin Contrato]]="",$D$4,DATOS_[[#This Row],[Fecha Fin Contrato]]),$D$4)-MAX(DATOS_[[#This Row],[Fecha de Contratación]],$D$3)+1 -> 1 | CI16: =IF(COUNTIFS(DATOS_[id],DATOS_[[#This Row],[id]])>1,DATOS_[[#This Row],[id]],"") | CJ16: =(Inicio!$G$10-DATOS_[[#This Row],[Fecha Nacimiento]])/365.25 -> 0 | CK16: =(Inicio!$G$10-DATOS_[[#This Row],[Fecha de Antigüedad]])/365.25 -> 0 | CL16: =+VLOOKUP(DATOS_[[#This Row],[Clave de Contrato]],TblTiposContrato13[],3,0) -> #N/A | CM16: =+VLOOKUP(DATOS_[[#This Row],[Clave de Contrato]],TblTiposContrato13[],4,0) -> #N/A | CN16: =VLOOKUP(DATOS_[[#This Row],[Edad]],CONTRATOS!TblRngEdad,2,1) -> 20 o menos | CO16: =VLOOKUP(DATOS_[[#This Row],[Antigüedad]],TblRngAntg14[],2,1) -> 0 a 1 años
BN17: =+MAX($D$3,DATOS_[[#This Row],[Fecha Inicio Sit. Contract.]]) -> 0 | BO17: =+MIN($D$4,DATOS_[[#This Row],[Fecha Fin Sit. Contract.]]) -> 0 | BP17: =+DATOS_[[#This Row],[% de jornada]]*IF(DATOS_[[#This Row],[% jornada reducida]]="",1,DATOS_[[#This Row],[% jornada reducida]]) -> 0 | BQ17: =+(DATOS_[[#This Row],[F.fin.cal]]-DATOS_[[#This Row],[F.ini.cal]]+1)/($D$4-$D$3+1) -> 1 | BR17: =IF(OR(AND(DATOS_[[#This Row],[Fecha Fin Contrato]]<$D$3,DATOS_[[#This Row],[Fecha Fin Contrato]]<>""),DATOS_[[#This Row],[Fecha de Contratación]]>$D$4),"Fuera","Dentro") -> Dentro | BS17: {=IF(MAX(IF(DATOS_[id]=DATOS_[[#This Row],[id]],DATOS_[F.fin.cal]))=DATOS_[[#This Row],[F.fin.cal]],"Sí","NO")} -> Sí | BT17: =IF(AND(DATOS_[[#This Row],[% normaliz]]<>1,DATOS_[[#This Row],[% anualiz]]=1),"Sí","NO") -> Sí | BU17: =IF(AND(DATOS_[[#This Row],[% normaliz]]=1,DATOS_[[#This Row],[% anualiz]]<>1),"Sí","NO") -> NO | BV17: =IF(AND(DATOS_[[#This Row],[% normaliz]]<>1,DATOS_[[#This Row],[% anualiz]]<>1),"Sí","NO") -> NO | BW17: =+IF(DATOS_[[#This Row],[% normaliz]]*DATOS_[[#This Row],[% anualiz]]=1,"NO","Sí") -> Sí | BX17: =(DATOS_[[#This Row],[S.BASE]]*(1/DATOS_[[#This Row],[% normaliz]])*(1/DATOS_[[#This Row],[% anualiz]]))*IF(DATOS_[[#This Row],[Check Equiparado]]="Sí",1,0) -> #DIV/0! | BY17: =(SUMPRODUCT((RngTipo=$BY$7)*(rngAnualizable="Sí")*(rngNormalizable="Sí")*(DATOS_[[#This Row],[Conc.Sal.01]:[C.Extra.05]]))*(1/DATOS_[[#This Row],[% anualiz]])*(1/DATOS_[[#This Row],[% normaliz]]) +SUMPRODUCT((RngTipo=$BY$7)*(rngAnualizable="Sí")*(rngNormalizable="No")*(DATOS_[[#This Row],[Conc.Sal.01]:[C.Extra.05]]))*(1/DATOS_[[#This Row],[% anualiz]]) +SUMPRODUCT((RngTipo=$BY$7)*(rngAnualizable="No")*(rngNormalizable="Sí")*(DATOS_[[#This Row],[Conc.Sal.01]:[C.Extra.05]]))*(1/DATOS_[[#This Row],[% normaliz]]) +SUMPRODUCT((RngTipo=$BY$7)*(rngAnualizable="No")*(rngNormalizable="No")*(DATOS_[[#This Row],[Conc.Sal.01]:[C.Extra.05]]))) *IF(DATOS_[[#This Row],[Check Equiparado]]="Sí",1,0) -> #DIV/0! | BZ17: =+DATOS_[[#This Row],[SALARIO BASE Eq]]+DATOS_[[#This Row],[Tot COMPL.SAL Eq]] -> #DIV/0! | CA17: {=(SUMPRODUCT((RngTipo=$CA$7)*(rngAnualizable="Sí")*(rngNormalizable="Sí")*(DATOS_[[#This Row],[Conc.Sal.01]:[C.Extra.05]]))*(1/DATOS_[[#This Row],[% anualiz]])*(1/DATOS_[[#This Row],[% normaliz]]) +SUMPRODUCT((RngTipo=$CA$7)*(rngAnualizable="Sí")*(rngNormalizable="No")*(DATOS_[[#This Row],[Conc.Sal.01]:[C.Extra.05]]))*(1/DATOS_[[#This Row],[% anualiz]]) +SUMPRODUCT((RngTipo=$CA$7)*(rngAnualizable="No")*(rngNormalizable="Sí")*(DATOS_[[#This Row],[Conc.Sal.01]:[C.Extra.05]]))*(1/DATOS_[[#This Row],[% normaliz]]) +SUMPRODUCT((RngTipo=$CA$7)*(rngAnualizable="No")*(rngNormalizable="No")*(DATOS_[[#This Row],[Conc.Sal.01]:[C.Extra.05]]))) *IF(DATOS_[[#This Row],[Check Equiparado]]="Sí",1,0)} -> #DIV/0! | CB17: =+DATOS_[[#This Row],[TOTAL SALARIO Eq]]+DATOS_[[#This Row],[Tot Extrasalarial Eq]] -> #DIV/0! | CC17: =DATOS_[[#This Row],[S.BASE]] -> 0 | CD17: =+SUM(DATOS_[[#This Row],[Conc.Sal.01]:[Conc.Sal.30]]) -> 0 | CE17: =+DATOS_[[#This Row],[SALARIO BASE Ef]]+DATOS_[[#This Row],[Tot COMPL.SAL Ef]] -> 0 | CF17: =+SUM(DATOS_[[#This Row],[C.Extra.01]:[C.Extra.05]]) -> 0 | CG17: =+DATOS_[[#This Row],[TOTAL SALARIO Ef]]+DATOS_[[#This Row],[Tot Extrasalarial Ef]] -> 0 | CH17: =MIN(IF(DATOS_[[#This Row],[Fecha Fin Contrato]]="",$D$4,DATOS_[[#This Row],[Fecha Fin Contrato]]),$D$4)-MAX(DATOS_[[#This Row],[Fecha de Contratación]],$D$3)+1 -> 1 | CI17: =IF(COUNTIFS(DATOS_[id],DATOS_[[#This Row],[id]])>1,DATOS_[[#This Row],[id]],"") | CJ17: =(Inicio!$G$10-DATOS_[[#This Row],[Fecha Nacimiento]])/365.25 -> 0 | CK17: =(Inicio!$G$10-DATOS_[[#This Row],[Fecha de Antigüedad]])/365.25 -> 0 | CL17: =+VLOOKUP(DATOS_[[#This Row],[Clave de Contrato]],TblTiposContrato13[],3,0) -> #N/A | CM17: =+VLOOKUP(DATOS_[[#This Row],[Clave de Contrato]],TblTiposContrato13[],4,0) -> #N/A | CN17: =VLOOKUP(DATOS_[[#This Row],[Edad]],CONTRATOS!TblRngEdad,2,1) -> 20 o menos | CO17: =VLOOKUP(DATOS_[[#This Row],[Antigüedad]],TblRngAntg14[],2,1) -> 0 a 1 años
BN18: =+MAX($D$3,DATOS_[[#This Row],[Fecha Inicio Sit. Contract.]]) -> 0 | BO18: =+MIN($D$4,DATOS_[[#This Row],[Fecha Fin Sit. Contract.]]) -> 0 | BP18: =+DATOS_[[#This Row],[% de jornada]]*IF(DATOS_[[#This Row],[% jornada reducida]]="",1,DATOS_[[#This Row],[% jornada reducida]]) -> 0 | BQ18: =+(DATOS_[[#This Row],[F.fin.cal]]-DATOS_[[#This Row],[F.ini.cal]]+1)/($D$4-$D$3+1) -> 1 | BR18: =IF(OR(AND(DATOS_[[#This Row],[Fecha Fin Contrato]]<$D$3,DATOS_[[#This Row],[Fecha Fin Contrato]]<>""),DATOS_[[#This Row],[Fecha de Contratación]]>$D$4),"Fuera","Dentro") -> Dentro | BS18: {=IF(MAX(IF(DATOS_[id]=DATOS_[[#This Row],[id]],DATOS_[F.fin.cal]))=DATOS_[[#This Row],[F.fin.cal]],"Sí","NO")} -> Sí | BT18: =IF(AND(DATOS_[[#This Row],[% normaliz]]<>1,DATOS_[[#This Row],[% anualiz]]=1),"Sí","NO") -> Sí | BU18: =IF(AND(DATOS_[[#This Row],[% normaliz]]=1,DATOS_[[#This Row],[% anualiz]]<>1),"Sí","NO") -> NO | BV18: =IF(AND(DATOS_[[#This Row],[% normaliz]]<>1,DATOS_[[#This Row],[% anualiz]]<>1),"Sí","NO") -> NO | BW18: =+IF(DATOS_[[#This Row],[% normaliz]]*DATOS_[[#This Row],[% anualiz]]=1,"NO","Sí") -> Sí | BX18: =(DATOS_[[#This Row],[S.BASE]]*(1/DATOS_[[#This Row],[% normaliz]])*(1/DATOS_[[#This Row],[% anualiz]]))*IF(DATOS_[[#This Row],[Check Equiparado]]="Sí",1,0) -> #DIV/0! | BY18: =(SUMPRODUCT((RngTipo=$BY$7)*(rngAnualizable="Sí")*(rngNormalizable="Sí")*(DATOS_[[#This Row],[Conc.Sal.01]:[C.Extra.05]]))*(1/DATOS_[[#This Row],[% anualiz]])*(1/DATOS_[[#This Row],[% normaliz]]) +SUMPRODUCT((RngTipo=$BY$7)*(rngAnualizable="Sí")*(rngNormalizable="No")*(DATOS_[[#This Row],[Conc.Sal.01]:[C.Extra.05]]))*(1/DATOS_[[#This Row],[% anualiz]]) +SUMPRODUCT((RngTipo=$BY$7)*(rngAnualizable="No")*(rngNormalizable="Sí")*(DATOS_[[#This Row],[Conc.Sal.01]:[C.Extra.05]]))*(1/DATOS_[[#This Row],[% normaliz]]) +SUMPRODUCT((RngTipo=$BY$7)*(rngAnualizable="No")*(rngNormalizable="No")*(DATOS_[[#This Row],[Conc.Sal.01]:[C.Extra.05]]))) *IF(DATOS_[[#This Row],[Check Equiparado]]="Sí",1,0) -> #DIV/0! | BZ18: =+DATOS_[[#This Row],[SALARIO BASE Eq]]+DATOS_[[#This Row],[Tot COMPL.SAL Eq]] -> #DIV/0! | CA18: {=(SUMPRODUCT((RngTipo=$CA$7)*(rngAnualizable="Sí")*(rngNormalizable="Sí")*(DATOS_[[#This Row],[Conc.Sal.01]:[C.Extra.05]]))*(1/DATOS_[[#This Row],[% anualiz]])*(1/DATOS_[[#This Row],[% normaliz]]) +SUMPRODUCT((RngTipo=$CA$7)*(rngAnualizable="Sí")*(rngNormalizable="No")*(DATOS_[[#This Row],[Conc.Sal.01]:[C.Extra.05]]))*(1/DATOS_[[#This Row],[% anualiz]]) +SUMPRODUCT((RngTipo=$CA$7)*(rngAnualizable="No")*(rngNormalizable="Sí")*(DATOS_[[#This Row],[Conc.Sal.01]:[C.Extra.05]]))*(1/DATOS_[[#This Row],[% normaliz]]) +SUMPRODUCT((RngTipo=$CA$7)*(rngAnualizable="No")*(rngNormalizable="No")*(DATOS_[[#This Row],[Conc.Sal.01]:[C.Extra.05]]))) *IF(DATOS_[[#This Row],[Check Equiparado]]="Sí",1,0)} -> #DIV/0! | CB18: =+DATOS_[[#This Row],[TOTAL SALARIO Eq]]+DATOS_[[#This Row],[Tot Extrasalarial Eq]] -> #DIV/0! | CC18: =DATOS_[[#This Row],[S.BASE]] -> 0 | CD18: =+SUM(DATOS_[[#This Row],[Conc.Sal.01]:[Conc.Sal.30]]) -> 0 | CE18: =+DATOS_[[#This Row],[SALARIO BASE Ef]]+DATOS_[[#This Row],[Tot COMPL.SAL Ef]] -> 0 | CF18: =+SUM(DATOS_[[#This Row],[C.Extra.01]:[C.Extra.05]]) -> 0 | CG18: =+DATOS_[[#This Row],[TOTAL SALARIO Ef]]+DATOS_[[#This Row],[Tot Extrasalarial Ef]] -> 0 | CH18: =MIN(IF(DATOS_[[#This Row],[Fecha Fin Contrato]]="",$D$4,DATOS_[[#This Row],[Fecha Fin Contrato]]),$D$4)-MAX(DATOS_[[#This Row],[Fecha de Contratación]],$D$3)+1 -> 1 | CI18: =IF(COUNTIFS(DATOS_[id],DATOS_[[#This Row],[id]])>1,DATOS_[[#This Row],[id]],"") | CJ18: =(Inicio!$G$10-DATOS_[[#This Row],[Fecha Nacimiento]])/365.25 -> 0 | CK18: =(Inicio!$G$10-DATOS_[[#This Row],[Fecha de Antigüedad]])/365.25 -> 0 | CL18: =+VLOOKUP(DATOS_[[#This Row],[Clave de Contrato]],TblTiposContrato13[],3,0) -> #N/A | CM18: =+VLOOKUP(DATOS_[[#This Row],[Clave de Contrato]],TblTiposContrato13[],4,0) -> #N/A | CN18: =VLOOKUP(DATOS_[[#This Row],[Edad]],CONTRATOS!TblRngEdad,2,1) -> 20 o menos | CO18: =VLOOKUP(DATOS_[[#This Row],[Antigüedad]],TblRngAntg14[],2,1) -> 0 a 1 años
BN19: =+MAX($D$3,DATOS_[[#This Row],[Fecha Inicio Sit. Contract.]]) -> 0 | BO19: =+MIN($D$4,DATOS_[[#This Row],[Fecha Fin Sit. Contract.]]) -> 0 | BP19: =+DATOS_[[#This Row],[% de jornada]]*IF(DATOS_[[#This Row],[% jornada reducida]]="",1,DATOS_[[#This Row],[% jornada reducida]]) -> 0 | BQ19: =+(DATOS_[[#This Row],[F.fin.cal]]-DATOS_[[#This Row],[F.ini.cal]]+1)/($D$4-$D$3+1) -> 1 | BR19: =IF(OR(AND(DATOS_[[#This Row],[Fecha Fin Contrato]]<$D$3,DATOS_[[#This Row],[Fecha Fin Contrato]]<>""),DATOS_[[#This Row],[Fecha de Contratación]]>$D$4),"Fuera","Dentro") -> Dentro | BS19: {=IF(MAX(IF(DATOS_[id]=DATOS_[[#This Row],[id]],DATOS_[F.fin.cal]))=DATOS_[[#This Row],[F.fin.cal]],"Sí","NO")} -> Sí | BT19: =IF(AND(DATOS_[[#This Row],[% normaliz]]<>1,DATOS_[[#This Row],[% anualiz]]=1),"Sí","NO") -> Sí | BU19: =IF(AND(DATOS_[[#This Row],[% normaliz]]=1,DATOS_[[#This Row],[% anualiz]]<>1),"Sí","NO") -> NO | BV19: =IF(AND(DATOS_[[#This Row],[% normaliz]]<>1,DATOS_[[#This Row],[% anualiz]]<>1),"Sí","NO") -> NO | BW19: =+IF(DATOS_[[#This Row],[% normaliz]]*DATOS_[[#This Row],[% anualiz]]=1,"NO","Sí") -> Sí | BX19: =(DATOS_[[#This Row],[S.BASE]]*(1/DATOS_[[#This Row],[% normaliz]])*(1/DATOS_[[#This Row],[% anualiz]]))*IF(DATOS_[[#This Row],[Check Equiparado]]="Sí",1,0) -> #DIV/0! | BY19: =(SUMPRODUCT((RngTipo=$BY$7)*(rngAnualizable="Sí")*(rngNormalizable="Sí")*(DATOS_[[#This Row],[Conc.Sal.01]:[C.Extra.05]]))*(1/DATOS_[[#This Row],[% anualiz]])*(1/DATOS_[[#This Row],[% normaliz]]) +SUMPRODUCT((RngTipo=$BY$7)*(rngAnualizable="Sí")*(rngNormalizable="No")*(DATOS_[[#This Row],[Conc.Sal.01]:[C.Extra.05]]))*(1/DATOS_[[#This Row],[% anualiz]]) +SUMPRODUCT((RngTipo=$BY$7)*(rngAnualizable="No")*(rngNormalizable="Sí")*(DATOS_[[#This Row],[Conc.Sal.01]:[C.Extra.05]]))*(1/DATOS_[[#This Row],[% normaliz]]) +SUMPRODUCT((RngTipo=$BY$7)*(rngAnualizable="No")*(rngNormalizable="No")*(DATOS_[[#This Row],[Conc.Sal.01]:[C.Extra.05]]))) *IF(DATOS_[[#This Row],[Check Equiparado]]="Sí",1,0) -> #DIV/0! | BZ19: =+DATOS_[[#This Row],[SALARIO BASE Eq]]+DATOS_[[#This Row],[Tot COMPL.SAL Eq]] -> #DIV/0! | CA19: {=(SUMPRODUCT((RngTipo=$CA$7)*(rngAnualizable="Sí")*(rngNormalizable="Sí")*(DATOS_[[#This Row],[Conc.Sal.01]:[C.Extra.05]]))*(1/DATOS_[[#This Row],[% anualiz]])*(1/DATOS_[[#This Row],[% normaliz]]) +SUMPRODUCT((RngTipo=$CA$7)*(rngAnualizable="Sí")*(rngNormalizable="No")*(DATOS_[[#This Row],[Conc.Sal.01]:[C.Extra.05]]))*(1/DATOS_[[#This Row],[% anualiz]]) +SUMPRODUCT((RngTipo=$CA$7)*(rngAnualizable="No")*(rngNormalizable="Sí")*(DATOS_[[#This Row],[Conc.Sal.01]:[C.Extra.05]]))*(1/DATOS_[[#This Row],[% normaliz]]) +SUMPRODUCT((RngTipo=$CA$7)*(rngAnualizable="No")*(rngNormalizable="No")*(DATOS_[[#This Row],[Conc.Sal.01]:[C.Extra.05]]))) *IF(DATOS_[[#This Row],[Check Equiparado]]="Sí",1,0)} -> #DIV/0! | CB19: =+DATOS_[[#This Row],[TOTAL SALARIO Eq]]+DATOS_[[#This Row],[Tot Extrasalarial Eq]] -> #DIV/0! | CC19: =DATOS_[[#This Row],[S.BASE]] -> 0 | CD19: =+SUM(DATOS_[[#This Row],[Conc.Sal.01]:[Conc.Sal.30]]) -> 0 | CE19: =+DATOS_[[#This Row],[SALARIO BASE Ef]]+DATOS_[[#This Row],[Tot COMPL.SAL Ef]] -> 0 | CF19: =+SUM(DATOS_[[#This Row],[C.Extra.01]:[C.Extra.05]]) -> 0 | CG19: =+DATOS_[[#This Row],[TOTAL SALARIO Ef]]+DATOS_[[#This Row],[Tot Extrasalarial Ef]] -> 0 | CH19: =MIN(IF(DATOS_[[#This Row],[Fecha Fin Contrato]]="",$D$4,DATOS_[[#This Row],[Fecha Fin Contrato]]),$D$4)-MAX(DATOS_[[#This Row],[Fecha de Contratación]],$D$3)+1 -> 1 | CI19: =IF(COUNTIFS(DATOS_[id],DATOS_[[#This Row],[id]])>1,DATOS_[[#This Row],[id]],"") | CJ19: =(Inicio!$G$10-DATOS_[[#This Row],[Fecha Nacimiento]])/365.25 -> 0 | CK19: =(Inicio!$G$10-DATOS_[[#This Row],[Fecha de Antigüedad]])/365.25 -> 0 | CL19: =+VLOOKUP(DATOS_[[#This Row],[Clave de Contrato]],TblTiposContrato13[],3,0) -> #N/A | CM19: =+VLOOKUP(DATOS_[[#This Row],[Clave de Contrato]],TblTiposContrato13[],4,0) -> #N/A | CN19: =VLOOKUP(DATOS_[[#This Row],[Edad]],CONTRATOS!TblRngEdad,2,1) -> 20 o menos | CO19: =VLOOKUP(DATOS_[[#This Row],[Antigüedad]],TblRngAntg14[],2,1) -> 0 a 1 años
BN20: =+MAX($D$3,DATOS_[[#This Row],[Fecha Inicio Sit. Contract.]]) -> 0 | BO20: =+MIN($D$4,DATOS_[[#This Row],[Fecha Fin Sit. Contract.]]) -> 0 | BP20: =+DATOS_[[#This Row],[% de jornada]]*IF(DATOS_[[#This Row],[% jornada reducida]]="",1,DATOS_[[#This Row],[% jornada reducida]]) -> 0 | BQ20: =+(DATOS_[[#This Row],[F.fin.cal]]-DATOS_[[#This Row],[F.ini.cal]]+1)/($D$4-$D$3+1) -> 1 | BR20: =IF(OR(AND(DATOS_[[#This Row],[Fecha Fin Contrato]]<$D$3,DATOS_[[#This Row],[Fecha Fin Contrato]]<>""),DATOS_[[#This Row],[Fecha de Contratación]]>$D$4),"Fuera","Dentro") -> Dentro | BS20: {=IF(MAX(IF(DATOS_[id]=DATOS_[[#This Row],[id]],DATOS_[F.fin.cal]))=DATOS_[[#This Row],[F.fin.cal]],"Sí","NO")} -> Sí | BT20: =IF(AND(DATOS_[[#This Row],[% normaliz]]<>1,DATOS_[[#This Row],[% anualiz]]=1),"Sí","NO") -> Sí | BU20: =IF(AND(DATOS_[[#This Row],[% normaliz]]=1,DATOS_[[#This Row],[% anualiz]]<>1),"Sí","NO") -> NO | BV20: =IF(AND(DATOS_[[#This Row],[% normaliz]]<>1,DATOS_[[#This Row],[% anualiz]]<>1),"Sí","NO") -> NO | BW20: =+IF(DATOS_[[#This Row],[% normaliz]]*DATOS_[[#This Row],[% anualiz]]=1,"NO","Sí") -> Sí | BX20: =(DATOS_[[#This Row],[S.BASE]]*(1/DATOS_[[#This Row],[% normaliz]])*(1/DATOS_[[#This Row],[% anualiz]]))*IF(DATOS_[[#This Row],[Check Equiparado]]="Sí",1,0) -> #DIV/0! | BY20: =(SUMPRODUCT((RngTipo=$BY$7)*(rngAnualizable="Sí")*(rngNormalizable="Sí")*(DATOS_[[#This Row],[Conc.Sal.01]:[C.Extra.05]]))*(1/DATOS_[[#This Row],[% anualiz]])*(1/DATOS_[[#This Row],[% normaliz]]) +SUMPRODUCT((RngTipo=$BY$7)*(rngAnualizable="Sí")*(rngNormalizable="No")*(DATOS_[[#This Row],[Conc.Sal.01]:[C.Extra.05]]))*(1/DATOS_[[#This Row],[% anualiz]]) +SUMPRODUCT((RngTipo=$BY$7)*(rngAnualizable="No")*(rngNormalizable="Sí")*(DATOS_[[#This Row],[Conc.Sal.01]:[C.Extra.05]]))*(1/DATOS_[[#This Row],[% normaliz]]) +SUMPRODUCT((RngTipo=$BY$7)*(rngAnualizable="No")*(rngNormalizable="No")*(DATOS_[[#This Row],[Conc.Sal.01]:[C.Extra.05]]))) *IF(DATOS_[[#This Row],[Check Equiparado]]="Sí",1,0) -> #DIV/0! | BZ20: =+DATOS_[[#This Row],[SALARIO BASE Eq]]+DATOS_[[#This Row],[Tot COMPL.SAL Eq]] -> #DIV/0! | CA20: {=(SUMPRODUCT((RngTipo=$CA$7)*(rngAnualizable="Sí")*(rngNormalizable="Sí")*(DATOS_[[#This Row],[Conc.Sal.01]:[C.Extra.05]]))*(1/DATOS_[[#This Row],[% anualiz]])*(1/DATOS_[[#This Row],[% normaliz]]) +SUMPRODUCT((RngTipo=$CA$7)*(rngAnualizable="Sí")*(rngNormalizable="No")*(DATOS_[[#This Row],[Conc.Sal.01]:[C.Extra.05]]))*(1/DATOS_[[#This Row],[% anualiz]]) +SUMPRODUCT((RngTipo=$CA$7)*(rngAnualizable="No")*(rngNormalizable="Sí")*(DATOS_[[#This Row],[Conc.Sal.01]:[C.Extra.05]]))*(1/DATOS_[[#This Row],[% normaliz]]) +SUMPRODUCT((RngTipo=$CA$7)*(rngAnualizable="No")*(rngNormalizable="No")*(DATOS_[[#This Row],[Conc.Sal.01]:[C.Extra.05]]))) *IF(DATOS_[[#This Row],[Check Equiparado]]="Sí",1,0)} -> #DIV/0! | CB20: =+DATOS_[[#This Row],[TOTAL SALARIO Eq]]+DATOS_[[#This Row],[Tot Extrasalarial Eq]] -> #DIV/0! | CC20: =DATOS_[[#This Row],[S.BASE]] -> 0 | CD20: =+SUM(DATOS_[[#This Row],[Conc.Sal.01]:[Conc.Sal.30]]) -> 0 | CE20: =+DATOS_[[#This Row],[SALARIO BASE Ef]]+DATOS_[[#This Row],[Tot COMPL.SAL Ef]] -> 0 | CF20: =+SUM(DATOS_[[#This Row],[C.Extra.01]:[C.Extra.05]]) -> 0 | CG20: =+DATOS_[[#This Row],[TOTAL SALARIO Ef]]+DATOS_[[#This Row],[Tot Extrasalarial Ef]] -> 0 | CH20: =MIN(IF(DATOS_[[#This Row],[Fecha Fin Contrato]]="",$D$4,DATOS_[[#This Row],[Fecha Fin Contrato]]),$D$4)-MAX(DATOS_[[#This Row],[Fecha de Contratación]],$D$3)+1 -> 1 | CI20: =IF(COUNTIFS(DATOS_[id],DATOS_[[#This Row],[id]])>1,DATOS_[[#This Row],[id]],"") | CJ20: =(Inicio!$G$10-DATOS_[[#This Row],[Fecha Nacimiento]])/365.25 -> 0 | CK20: =(Inicio!$G$10-DATOS_[[#This Row],[Fecha de Antigüedad]])/365.25 -> 0 | CL20: =+VLOOKUP(DATOS_[[#This Row],[Clave de Contrato]],TblTiposContrato13[],3,0) -> #N/A | CM20: =+VLOOKUP(DATOS_[[#This Row],[Clave de Contrato]],TblTiposContrato13[],4,0) -> #N/A | CN20: =VLOOKUP(DATOS_[[#This Row],[Edad]],CONTRATOS!TblRngEdad,2,1) -> 20 o menos | CO20: =VLOOKUP(DATOS_[[#This Row],[Antigüedad]],TblRngAntg14[],2,1) -> 0 a 1 años
... BN1008: =+MAX($D$3,DATOS_[[#This Row],[Fecha Inicio Sit. Contract.]]) -> 0 | BO1008: =+MIN($D$4,DATOS_[[#This Row],[Fecha Fin Sit. Contract.]]) -> 0 | BP1008: =+DATOS_[[#This Row],[% de jornada]]*IF(DATOS_[[#This Row],[% jornada reducida]]="",1,DATOS_[[#This Row],[% jornada reducida]]) -> 0 | BQ1008: =+(DATOS_[[#This Row],[F.fin.cal]]-DATOS_[[#This Row],[F.ini.cal]]+1)/($D$4-$D$3+1) -> 1 | BR1008: =IF(OR(AND(DATOS_[[#This Row],[Fecha Fin Contrato]]<$D$3,DATOS_[[#This Row],[Fecha Fin Contrato]]<>""),DATOS_[[#This Row],[Fecha de Contratación]]>$D$4),"Fuera","Dentro") -> Dentro | BS1008: {=IF(MAX(IF(DATOS_[id]=DATOS_[[#This Row],[id]],DATOS_[F.fin.cal]))=DATOS_[[#This Row],[F.fin.cal]],"Sí","NO")} -> Sí | BT1008: =IF(AND(DATOS_[[#This Row],[% normaliz]]<>1,DATOS_[[#This Row],[% anualiz]]=1),"Sí","NO") -> Sí | BU1008: =IF(AND(DATOS_[[#This Row],[% normaliz]]=1,DATOS_[[#This Row],[% anualiz]]<>1),"Sí","NO") -> NO | BV1008: =IF(AND(DATOS_[[#This Row],[% normaliz]]<>1,DATOS_[[#This Row],[% anualiz]]<>1),"Sí","NO") -> NO | BW1008: =+IF(DATOS_[[#This Row],[% normaliz]]*DATOS_[[#This Row],[% anualiz]]=1,"NO","Sí") -> Sí | BX1008: =(DATOS_[[#This Row],[S.BASE]]*(1/DATOS_[[#This Row],[% normaliz]])*(1/DATOS_[[#This Row],[% anualiz]]))*IF(DATOS_[[#This Row],[Check Equiparado]]="Sí",1,0) -> #DIV/0! | BY1008: =(SUMPRODUCT((RngTipo=$BY$7)*(rngAnualizable="Sí")*(rngNormalizable="Sí")*(DATOS_[[#This Row],[Conc.Sal.01]:[C.Extra.05]]))*(1/DATOS_[[#This Row],[% anualiz]])*(1/DATOS_[[#This Row],[% normaliz]]) +SUMPRODUCT((RngTipo=$BY$7)*(rngAnualizable="Sí")*(rngNormalizable="No")*(DATOS_[[#This Row],[Conc.Sal.01]:[C.Extra.05]]))*(1/DATOS_[[#This Row],[% anualiz]]) +SUMPRODUCT((RngTipo=$BY$7)*(rngAnualizable="No")*(rngNormalizable="Sí")*(DATOS_[[#This Row],[Conc.Sal.01]:[C.Extra.05]]))*(1/DATOS_[[#This Row],[% normaliz]]) +SUMPRODUCT((RngTipo=$BY$7)*(rngAnualizable="No")*(rngNormalizable="No")*(DATOS_[[#This Row],[Conc.Sal.01]:[C.Extra.05]]))) *IF(DATOS_[[#This Row],[Check Equiparado]]="Sí",1,0) -> #DIV/0! | BZ1008: =+DATOS_[[#This Row],[SALARIO BASE Eq]]+DATOS_[[#This Row],[Tot COMPL.SAL Eq]] -> #DIV/0! | CA1008: {=(SUMPRODUCT((RngTipo=$CA$7)*(rngAnualizable="Sí")*(rngNormalizable="Sí")*(DATOS_[[#This Row],[Conc.Sal.01]:[C.Extra.05]]))*(1/DATOS_[[#This Row],[% anualiz]])*(1/DATOS_[[#This Row],[% normaliz]]) +SUMPRODUCT((RngTipo=$CA$7)*(rngAnualizable="Sí")*(rngNormalizable="No")*(DATOS_[[#This Row],[Conc.Sal.01]:[C.Extra.05]]))*(1/DATOS_[[#This Row],[% anualiz]]) +SUMPRODUCT((RngTipo=$CA$7)*(rngAnualizable="No")*(rngNormalizable="Sí")*(DATOS_[[#This Row],[Conc.Sal.01]:[C.Extra.05]]))*(1/DATOS_[[#This Row],[% normaliz]]) +SUMPRODUCT((RngTipo=$CA$7)*(rngAnualizable="No")*(rngNormalizable="No")*(DATOS_[[#This Row],[Conc.Sal.01]:[C.Extra.05]]))) *IF(DATOS_[[#This Row],[Check Equiparado]]="Sí",1,0)} -> #DIV/0! | CB1008: =+DATOS_[[#This Row],[TOTAL SALARIO Eq]]+DATOS_[[#This Row],[Tot Extrasalarial Eq]] -> #DIV/0! | CC1008: =DATOS_[[#This Row],[S.BASE]] -> 0 | CD1008: =+SUM(DATOS_[[#This Row],[Conc.Sal.01]:[Conc.Sal.30]]) -> 0 | CE1008: =+DATOS_[[#This Row],[SALARIO BASE Ef]]+DATOS_[[#This Row],[Tot COMPL.SAL Ef]] -> 0 | CF1008: =+SUM(DATOS_[[#This Row],[C.Extra.01]:[C.Extra.05]]) -> 0 | CG1008: =+DATOS_[[#This Row],[TOTAL SALARIO Ef]]+DATOS_[[#This Row],[Tot Extrasalarial Ef]] -> 0 | CH1008: =MIN(IF(DATOS_[[#This Row],[Fecha Fin Contrato]]="",$D$4,DATOS_[[#This Row],[Fecha Fin Contrato]]),$D$4)-MAX(DATOS_[[#This Row],[Fecha de Contratación]],$D$3)+1 -> 1 | CI1008: =IF(COUNTIFS(DATOS_[id],DATOS_[[#This Row],[id]])>1,DATOS_[[#This Row],[id]],"") | CJ1008: =(Inicio!$G$10-DATOS_[[#This Row],[Fecha Nacimiento]])/365.25 -> 0 | CK1008: =(Inicio!$G$10-DATOS_[[#This Row],[Fecha de Antigüedad]])/365.25 -> 0 | CL1008: =+VLOOKUP(DATOS_[[#This Row],[Clave de Contrato]],TblTiposContrato13[],3,0) -> #N/A | CM1008: =+VLOOKUP(DATOS_[[#This Row],[Clave de Contrato]],TblTiposContrato13[],4,0) -> #N/A | CN1008: =VLOOKUP(DATOS_[[#This Row],[Edad]],CONTRATOS!TblRngEdad,2,1) -> 20 o menos | CO1008: =VLOOKUP(DATOS_[[#This Row],[Antigüedad]],TblRngAntg14[],2,1) -> 0 a 1 años

Sheet AGRUPACIONES
C8: Agrupación según clasificación profesional de la empresa
C10: Cuenta de Puesto-empresa | E10: AGRUP. CLAS. PROF.
C11: Escala-empresa | D11: Puesto-empresa | E11: (en blanco)
C12: (en blanco) | D12: (en blanco)
B99: Agrupación según valoración de puestos de trabajo (para empresas con auditoría retributiva)
E101: AGRUP. VALOR. PTO.
C102: Escala-empresa | D102: Puesto-empresa | E102: (en blanco)
C103: (en blanco) | D103: (en blanco)

Sheet CONTRATOS
D2: TABLA DE CLAVES DE CONTRATOS | J2: Rangos de Antigüedad | M2: Rangos de Edad | P2: Motivo reducción de jornada
D4: Valor | E4: Descripción | F4: Jornada | G4: Contrato | J4: límite inferior | K4: Nombre Rango | M4: límite inferior | N4: Nombre Rango | P4: Valor | Q4: Descripción
D5: 100 | E5: INDEFINIDO TIEMPO COMPLETO – ORDINARIO | F5: Completa | G5: Indefinido | J5: 0 | K5: 0 a 1 años | M5: 0 | N5: 20 o menos | Q5: Sin reducción
D6: 109 | E6: INDEFINIDO TIEMPO COMPLETO – FOMENTO CONTRATACIÓN INDEFINIDA/EMPLEO ESTABLE TRANSFORMACIÓN CONTRATO TEMPORAL | F6: Completa | G6: Indefinido | J6: 1 | K6: 1 a 3 años | M6: 20 | N6: 20 a 25 | P6: GLM | Q6: Guarda Legal de menor de 12 años
D7: 130 | E7: INDEFINIDO TIEMPO COMPLETO - DISCAPACITADOS | F7: Completa | G7: Indefinido | J7: 3 | K7: 3 a 5 años | M7: 25 | N7: 25 a 30 | P7: GLD | Q7: Guarda Legal de persona discapacidad
D8: 139 | E8: INDEFINIDO TIEMPO COMPLETO – DISCAPACITADOS TRANSFORMACIÓN CONTRATO TEMPORAL. | F8: Completa | G8: Indefinido | J8: 5 | K8: 5 a 10 años | M8: 30 | N8: 30 a 35 | P8: CD | Q8: Cuidado Directo de familiar que no pueda valerse por sí mismo
D9: 150 | E9: INDEFINIDO TIEMPO COMPLETO – FOMENTO CONTRATACIÓN INDEFINIDA/EMPLEO ESTABLE INICIAL | F9: Completa | G9: Indefinido | J9: 10 | K9: de 10 a 15 años | M9: 35 | N9: 35 a 40 | P9: E | Q9: Por voluntad de la Empresa
D10: 189 | E10: INDEFINIDO TIEMPO COMPLETO – TRANSFORMACIÓN CONTRATO TEMPORAL. | F10: Completa | G10: Indefinido | J10: 15 | K10: más de 15 | M10: 40 | N10: 40 a 45
D11: 200 | E11: INDEFINIDO TIEMPO PARCIAL – ORDINARIO | F11: Parcial | G11: Indefinido | M11: 45 | N11: 45 a 50
D12: 209 | E12: INDEFINIDO TIEMPO PARCIAL – FOMENTO CONTRATACIÓN INDEFINIDA/EMPLEO ESTABLE TRANSFORMACIÓN CONTRATO TEMPORAL | F12: Parcial | G12: Indefinido | M12: 50 | N12: 50 a 55
D13: 230 | E13: INDEFINIDO TIEMPO PARCIAL - DISCAPACITADOS | F13: Parcial | G13: Indefinido | M13: 55 | N13: 55 a 60
D14: 239 | E14: INDEFINIDO TIEMPO PARCIAL – DISCAPACITADOS TRANSFORMACIÓN CONTRATO TEMPORAL. | F14: Parcial | G14: Indefinido | M14: 60 | N14: 60 en adelante
D15: 250 | E15: INDEFINIDO TIEMPO PARCIAL – FOMENTO CONTRATACIÓN INDEFINIDA/EMPLEO ESTABLE INICIAL | F15: Parcial | G15: Indefinido
D16: 289 | E16: INDEFINIDO TIEMPO PARCIAL – TRANSFORMACIÓN CONTRATO TEMPORAL. | F16: Parcial | G16: Indefinido
D17: 300 | E17: INDEFINIDO FIJO/DISCONTINUO | F17: N.D | G17: Fijo discontinuo
D18: 309 | E18: INDEFINIDO FIJO/DISCONTINUO – FOMENTO CONTRATACIÓN INDEFINIDA/EMPLEO ESTABLE TRANSFORMACIÓN CONTRATO TEMPORAL | F18: N.D | G18: Fijo discontinuo
D19: 330 | E19: INDEFINIDO FIJO/DISCONTINUO - DISCAPACITADOS | F19: N.D | G19: Fijo discontinuo
D20: 339 | E20: INDEFINIDO FIJO/DISCONTINUO – DISCAPACITADO. TRANSFORMACION | F20: N.D | G20: Fijo discontinuo
D21: 350 | E21: INDEFINIDO FIJO/DISCONTINUO – FOMENTO CONTRATACIÓN INDEFINIDA/EMPLEO ESTABLE INICIAL | F21: N.D | G21: Fijo discontinuo
D22: 389 | E22: INDEFINIDO FIJO/DISCONTINUO – TRANSFORMACIÓN CONTRATO TEMPORAL. | F22: N.D | G22: Fijo discontinuo
D23: 401 | E23: DURACIÓN DETERMINADA TIEMPO COMPLETO – OBRA O SERVICIO DETERMINADO | F23: Completa | G23: Temporal
D24: 402 | E24: DURACIÓN DETERMINADA TIEMPO COMPLETO – EVENTUAL POR CIRCUNSTANCIAS DE LA PRODUCCIÓN | F24: Completa | G24: Temporal
D25: 403 | E25: DURACIÓN DETERMINADA TIEMPO COMPLETO – INSERCIÓN | F25: Completa | G25: Temporal
D26: 408 | E26: DURACIÓN DETERMINADA TIEMPO COMPLETO – CARÁCTER ADMINISTRATIVO | F26: Completa | G26: Temporal
... D46: 552 | E46: DURACIÓN DETERMINADA TIEMPO PARCIAL – TRABAJADORES DESEMPLEADOS CONTRATADOS POR EMPRESAS DE INSERCIÓN | F46: Parcial | G46: Temporal
D47: N/D | E47: NO DISPONIBLE

Sheet 1.1.a.Efect.Prom
E1: REGISTRO SEGÚN LA CLASIFICACIÓN PROFESIONAL APLICABLE A LA EMPRESA
G2: =+IF(G8="[ocultar]",G8,"") -> [ocultar] | H2: =+IF(H8="[ocultar]",H8,"") -> [ocultar] | I2: =+IF(I8="[ocultar]",I8,"") -> [ocultar] | J2: =+IF(J8="[ocultar]",J8,"") -> [ocultar] | K2: =+IF(K8="[ocultar]",K8,"") -> [ocultar] | L2: =+IF(L8="[ocultar]",L8,"") -> [ocultar] | M2: =+IF(M8="[ocultar]",M8,"") -> [ocultar] | N2: =+IF(N8="[ocultar]",N8,"") -> [ocultar] | ... AP2: =+IF(AP8="[ocultar]",AP8,"") -> [ocultar]
E3: =+"Razón Social: "&Inicio!C6&" - NIF: "&Inicio!C8 -> Razón Social: - NIF:
E4: PERIODO DE REFERENCIA
E5: =+Inicio!E10 -> 0 | F5: =+Inicio!D10 -> fecha inicio
E6: =+Inicio!G10 -> 0 | F6: fecha fin
C8: Nº | D8: Nº SC | E8: SALARIO BASE Ef | F8: =+IF(DATOS!AE6="","[ocultar]",DATOS!AE6) -> [ocultar] | G8: =+IF(DATOS!AF6="","[ocultar]",DATOS!AF6) -> [ocultar] | H8: =+IF(DATOS!AG6="","[ocultar]",DATOS!AG6) -> [ocultar] | I8: =+IF(DATOS!AH6="","[ocultar]",DATOS!AH6) -> [ocultar] | J8: =+IF(DATOS!AI6="","[ocultar]",DATOS!AI6) -> [ocultar] | K8: =+IF(DATOS!AJ6="","[ocultar]",DATOS!AJ6) -> [ocultar] | L8: =+IF(DATOS!AK6="","[ocultar]",DATOS!AK6) -> [ocultar] | M8: =+IF(DATOS!AL6="","[ocultar]",DATOS!AL6) -> [ocultar] | ... AI8: =+IF(DATOS!BH6="","[ocultar]",DATOS!BH6) -> [ocultar] | AJ8: Tot COMPL.SAL Ef | AK8: TOTAL SALARIO Ef | AL8: =+IF(DATOS!BI6="","[ocultar]",DATOS!BI6) -> [ocultar] | AM8: =+IF(DATOS!BJ6="","[ocultar]",DATOS!BJ6) -> [ocultar] | AN8: =+IF(DATOS!BK6="","[ocultar]",DATOS!BK6) -> [ocultar] | AO8: =+IF(DATOS!BL6="","[ocultar]",DATOS!BL6) -> [ocultar] | AP8: =+IF(DATOS!BM6="","[ocultar]",DATOS!BM6) -> [ocultar] | AQ8: Tot Extrasalarial Ef | AR8: TOTAL Retrib Ef
B9: TOTAL | E9: =IFERROR((E10-E11)/E10,"") | F9: =IFERROR((F10-F11)/F10,"") | G9: =IFERROR((G10-G11)/G10,"") | H9: =IFERROR((H10-H11)/H10,"") | I9: =IFERROR((I10-I11)/I10,"") | J9: =IFERROR((J10-J11)/J10,"") | K9: =IFERROR((K10-K11)/K10,"") | L9: =IFERROR((L10-L11)/L10,"") | ... AR9: =IFERROR((AR10-AR11)/AR10,"")
B10: Hombre | C10: {=SUM(IF($B10=DATOS_[Sexo], IF("Dentro"=DATOS_[Check Periodo Ref.], 1/(COUNTIFS(DATOS_[Sexo],$B10,DATOS_[Check Periodo Ref.],"Dentro",DATOS_[id],DATOS_[id])))))} -> 0 | D10: =COUNTIFS(DATOS_[AGRUP. CLAS. PROF.],"<>",DATOS_[Sexo],$B10,DATOS_[Check Periodo Ref.],"Dentro") -> 0 | E10: {=IFERROR( AVERAGE(IF(DATOS_[Sexo]=$B10,IF(DATOS_[Check Periodo Ref.]="Dentro",DATOS_[SALARIO BASE Ef],0))), 0)} -> 0 | F10: {=IFERROR( (AVERAGE((IF(DATOS_[[Sexo]:[Sexo]]=$B10,IF(DATOS_[[Check Periodo Ref.]:[Check Periodo Ref.]]="Dentro",DATOS_[Conc.Sal.01]))))), 0)} -> 0 | G10: {=IFERROR( (AVERAGE((IF(DATOS_[[Sexo]:[Sexo]]=$B10,IF(DATOS_[[Check Periodo Ref.]:[Check Periodo Ref.]]="Dentro",DATOS_[Conc.Sal.02]))))), 0)} -> 0 | H10: {=IFERROR( (AVERAGE((IF(DATOS_[[Sexo]:[Sexo]]=$B10,IF(DATOS_[[Check Periodo Ref.]:[Check Periodo Ref.]]="Dentro",DATOS_[Conc.Sal.03]))))), 0)} -> 0 | I10: {=IFERROR( (AVERAGE((IF(DATOS_[[Sexo]:[Sexo]]=$B10,IF(DATOS_[[Check Periodo Ref.]:[Check Periodo Ref.]]="Dentro",DATOS_[Conc.Sal.04]))))), 0)} -> 0 | J10: {=IFERROR( (AVERAGE((IF(DATOS_[[Sexo]:[Sexo]]=$B10,IF(DATOS_[[Check Periodo Ref.]:[Check Periodo Ref.]]="Dentro",DATOS_[Conc.Sal.05]))))), 0)} -> 0 | K10: {=IFERROR( (AVERAGE((IF(DATOS_[[Sexo]:[Sexo]]=$B10,IF(DATOS_[[Check Periodo Ref.]:[Check Periodo Ref.]]="Dentro",DATOS_[Conc.Sal.06]))))), 0)} -> 0 | L10: {=IFERROR( (AVERAGE((IF(DATOS_[[Sexo]:[Sexo]]=$B10,IF(DATOS_[[Check Periodo Ref.]:[Check Periodo Ref.]]="Dentro",DATOS_[Conc.Sal.07]))))), 0)} -> 0 | M10: {=IFERROR( (AVERAGE((IF(DATOS_[[Sexo]:[Sexo]]=$B10,IF(DATOS_[[Check Periodo Ref.]:[Check Periodo Ref.]]="Dentro",DATOS_[Conc.Sal.08]))))), 0)} -> 0 | N10: {=IFERROR( (AVERAGE((IF(DATOS_[[Sexo]:[Sexo]]=$B10,IF(DATOS_[[Check Periodo Ref.]:[Check Periodo Ref.]]="Dentro",DATOS_[Conc.Sal.09]))))), 0)} -> 0 | O10: {=IFERROR( (AVERAGE((IF(DATOS_[[Sexo]:[Sexo]]=$B10,IF(DATOS_[[Check Periodo Ref.]:[Check Periodo Ref.]]="Dentro",DATOS_[Conc.Sal.10]))))), 0)} -> 0 | P10: {=IFERROR( (AVERAGE((IF(DATOS_[[Sexo]:[Sexo]]=$B10,IF(DATOS_[[Check Periodo Ref.]:[Check Periodo Ref.]]="Dentro",DATOS_[Conc.Sal.11]))))), 0)} -> 0 | Q10: {=IFERROR( (AVERAGE((IF(DATOS_[[Sexo]:[Sexo]]=$B10,IF(DATOS_[[Check Periodo Ref.]:[Check Periodo Ref.]]="Dentro",DATOS_[Conc.Sal.12]))))), 0)} -> 0 | R10: {=IFERROR( (AVERAGE((IF(DATOS_[[Sexo]:[Sexo]]=$B10,IF(DATOS_[[Check Periodo Ref.]:[Check Periodo Ref.]]="Dentro",DATOS_[Conc.Sal.13]))))), 0)} -> 0 | S10: {=IFERROR( (AVERAGE((IF(DATOS_[[Sexo]:[Sexo]]=$B10,IF(DATOS_[[Check Periodo Ref.]:[Check Periodo Ref.]]="Dentro",DATOS_[Conc.Sal.14]))))), 0)} -> 0 | T10: {=IFERROR( (AVERAGE((IF(DATOS_[[Sexo]:[Sexo]]=$B10,IF(DATOS_[[Check Periodo Ref.]:[Check Periodo Ref.]]="Dentro",DATOS_[Conc.Sal.15]))))), 0)} -> 0 | U10: {=IFERROR( (AVERAGE((IF(DATOS_[[Sexo]:[Sexo]]=$B10,IF(DATOS_[[Check Periodo Ref.]:[Check Periodo Ref.]]="Dentro",DATOS_[Conc.Sal.16]))))), 0)} -> 0 | V10: {=IFERROR( (AVERAGE((IF(DATOS_[[Sexo]:[Sexo]]=$B10,IF(DATOS_[[Check Periodo Ref.]:[Check Periodo Ref.]]="Dentro",DATOS_[Conc.Sal.17]))))), 0)} -> 0 | W10: {=IFERROR( (AVERAGE((IF(DATOS_[[Sexo]:[Sexo]]=$B10,IF(DATOS_[[Check Periodo Ref.]:[Check Periodo Ref.]]="Dentro",DATOS_[Conc.Sal.18]))))), 0)} -> 0 | X10: {=IFERROR( (AVERAGE((IF(DATOS_[[Sexo]:[Sexo]]=$B10,IF(DATOS_[[Check Periodo Ref.]:[Check Periodo Ref.]]="Dentro",DATOS_[Conc.Sal.19]))))), 0)} -> 0 | Y10: {=IFERROR( (AVERAGE((IF(DATOS_[[Sexo]:[Sexo]]=$B10,IF(DATOS_[[Check Periodo Ref.]:[Check Periodo Ref.]]="Dentro",DATOS_[Conc.Sal.20]))))), 0)} -> 0 | Z10: {=IFERROR( (AVERAGE((IF(DATOS_[[Sexo]:[Sexo]]=$B10,IF(DATOS_[[Check Periodo Ref.]:[Check Periodo Ref.]]="Dentro",DATOS_[Conc.Sal.21]))))), 0)} -> 0 | AA10: {=IFERROR( (AVERAGE((IF(DATOS_[[Sexo]:[Sexo]]=$B10,IF(DATOS_[[Check Periodo Ref.]:[Check Periodo Ref.]]="Dentro",DATOS_[Conc.Sal.22]))))), 0)} -> 0 | AB10: {=IFERROR( (AVERAGE((IF(DATOS_[[Sexo]:[Sexo]]=$B10,IF(DATOS_[[Check Periodo Ref.]:[Check Periodo Ref.]]="Dentro",DATOS_[Conc.Sal.23]))))), 0)} -> 0 | AC10: {=IFERROR( (AVERAGE((IF(DATOS_[[Sexo]:[Sexo]]=$B10,IF(DATOS_[[Check Periodo Ref.]:[Check Periodo Ref.]]="Dentro",DATOS_[Conc.Sal.24]))))), 0)} -> 0 | AD10: {=IFERROR( (AVERAGE((IF(DATOS_[[Sexo]:[Sexo]]=$B10,IF(DATOS_[[Check Periodo Ref.]:[Check Periodo Ref.]]="Dentro",DATOS_[Conc.Sal.25]))))), 0)} -> 0 | AE10: {=IFERROR( (AVERAGE((IF(DATOS_[[Sexo]:[Sexo]]=$B10,IF(DATOS_[[Check Periodo Ref.]:[Check Periodo Ref.]]="Dentro",DATOS_[Conc.Sal.26]))))), 0)} -> 0 | AF10: {=IFERROR( (AVERAGE((IF(DATOS_[[Sexo]:[Sexo]]=$B10,IF(DATOS_[[Check Periodo Ref.]:[Check Periodo Ref.]]="Dentro",DATOS_[Conc.Sal.27]))))), 0)} -> 0 | AG10: {=IFERROR( (AVERAGE((IF(DATOS_[[Sexo]:[Sexo]]=$B10,IF(DATOS_[[Check Periodo Ref.]:[Check Periodo Ref.]]="Dentro",DATOS_[Conc.Sal.28]))))), 0)} -> 0 | AH10: {=IFERROR( (AVERAGE((IF(DATOS_[[Sexo]:[Sexo]]=$B10,IF(DATOS_[[Check Periodo Ref.]:[Check Periodo Ref.]]="Dentro",DATOS_[Conc.Sal.29]))))), 0)} -> 0 | AI10: {=IFERROR( (AVERAGE((IF(DATOS_[[Sexo]:[Sexo]]=$B10,IF(DATOS_[[Check Periodo Ref.]:[Check Periodo Ref.]]="Dentro",DATOS_[Conc.Sal.30]))))), 0)} -> 0 | AJ10: {=IFERROR( AVERAGE(IF(DATOS_[Sexo]=$B10,IF(DATOS_[Check Periodo Ref.]="Dentro",DATOS_[Tot COMPL.SAL Ef],0))), 0)} -> 0 | AK10: {=IFERROR( AVERAGE(IF(DATOS_[Sexo]=$B10,IF(DATOS_[Check Periodo Ref.]="Dentro",DATOS_[TOTAL SALARIO Ef],0))), 0)} -> 0 | AL10: {=IFERROR( (AVERAGE((IF(DATOS_[[Sexo]:[Sexo]]=$B10,IF(DATOS_[[Check Periodo Ref.]:[Check Periodo Ref.]]="Dentro",DATOS_[C.Extra.01]))))), 0)} -> 0 | AM10: {=IFERROR( (AVERAGE((IF(DATOS_[[Sexo]:[Sexo]]=$B10,IF(DATOS_[[Check Periodo Ref.]:[Check Periodo Ref.]]="Dentro",DATOS_[C.Extra.02]))))), 0)} -> 0 | AN10: {=IFERROR( (AVERAGE((IF(DATOS_[[Sexo]:[Sexo]]=$B10,IF(DATOS_[[Check Periodo Ref.]:[Check Periodo Ref.]]="Dentro",DATOS_[C.Extra.03]))))), 0)} -> 0 | AO10: {=IFERROR( (AVERAGE((IF(DATOS_[[Sexo]:[Sexo]]=$B10,IF(DATOS_[[Check Periodo Ref.]:[Check Periodo Ref.]]="Dentro",DATOS_[C.Extra.04]))))), 0)} -> 0 | AP10: {=IFERROR( (AVERAGE((IF(DATOS_[[Sexo]:[Sexo]]=$B10,IF(DATOS_[[Check Periodo Ref.]:[Check Periodo Ref.]]="Dentro",DATOS_[C.Extra.05]))))), 0)} -> 0 | AQ10: {=IFERROR( AVERAGE(IF(DATOS_[Sexo]=$B10,IF(DATOS_[Check Periodo Ref.]="Dentro",DATOS_[Tot Extrasalarial Ef],0))), 0)} -> 0 | AR10: {=IFERROR( AVERAGE(IF(DATOS_[Sexo]=$B10,IF(DATOS_[Check Periodo Ref.]="Dentro",DATOS_[TOTAL Retrib Ef],0))), 0)} -> 0
B11: Mujer | C11: {=SUM(IF($B11=DATOS_[Sexo], IF("Dentro"=DATOS_[Check Periodo Ref.], 1/(COUNTIFS(DATOS_[Sexo],$B11,DATOS_[Check Periodo Ref.],"Dentro",DATOS_[id],DATOS_[id])))))} -> 0 | D11: =COUNTIFS(DATOS_[AGRUP. CLAS. PROF.],"<>",DATOS_[Sexo],$B11,DATOS_[Check Periodo Ref.],"Dentro") -> 0 | E11: {=IFERROR( AVERAGE(IF(DATOS_[Sexo]=$B11,IF(DATOS_[Check Periodo Ref.]="Dentro",DATOS_[SALARIO BASE Ef],0))), 0)} -> 0 | F11: {=IFERROR( (AVERAGE((IF(DATOS_[[Sexo]:[Sexo]]=$B11,IF(DATOS_[[Check Periodo Ref.]:[Check Periodo Ref.]]="Dentro",DATOS_[Conc.Sal.01]))))), 0)} -> 0 | G11: {=IFERROR( (AVERAGE((IF(DATOS_[[Sexo]:[Sexo]]=$B11,IF(DATOS_[[Check Periodo Ref.]:[Check Periodo Ref.]]="Dentro",DATOS_[Conc.Sal.02]))))), 0)} -> 0 | H11: {=IFERROR( (AVERAGE((IF(DATOS_[[Sexo]:[Sexo]]=$B11,IF(DATOS_[[Check Periodo Ref.]:[Check Periodo Ref.]]="Dentro",DATOS_[Conc.Sal.03]))))), 0)} -> 0 | I11: {=IFERROR( (AVERAGE((IF(DATOS_[[Sexo]:[Sexo]]=$B11,IF(DATOS_[[Check Periodo Ref.]:[Check Periodo Ref.]]="Dentro",DATOS_[Conc.Sal.04]))))), 0)} -> 0 | J11: {=IFERROR( (AVERAGE((IF(DATOS_[[Sexo]:[Sexo]]=$B11,IF(DATOS_[[Check Periodo Ref.]:[Check Periodo Ref.]]="Dentro",DATOS_[Conc.Sal.05]))))), 0)} -> 0 | K11: {=IFERROR( (AVERAGE((IF(DATOS_[[Sexo]:[Sexo]]=$B11,IF(DATOS_[[Check Periodo Ref.]:[Check Periodo Ref.]]="Dentro",DATOS_[Conc.Sal.06]))))), 0)} -> 0 | L11: {=IFERROR( (AVERAGE((IF(DATOS_[[Sexo]:[Sexo]]=$B11,IF(DATOS_[[Check Periodo Ref.]:[Check Periodo Ref.]]="Dentro",DATOS_[Conc.Sal.07]))))), 0)} -> 0 | M11: {=IFERROR( (AVERAGE((IF(DATOS_[[Sexo]:[Sexo]]=$B11,IF(DATOS_[[Check Periodo Ref.]:[Check Periodo Ref.]]="Dentro",DATOS_[Conc.Sal.08]))))), 0)} -> 0 | N11: {=IFERROR( (AVERAGE((IF(DATOS_[[Sexo]:[Sexo]]=$B11,IF(DATOS_[[Check Periodo Ref.]:[Check Periodo Ref.]]="Dentro",DATOS_[Conc.Sal.09]))))), 0)} -> 0 | O11: {=IFERROR( (AVERAGE((IF(DATOS_[[Sexo]:[Sexo]]=$B11,IF(DATOS_[[Check Periodo Ref.]:[Check Periodo Ref.]]="Dentro",DATOS_[Conc.Sal.10]))))), 0)} -> 0 | P11: {=IFERROR( (AVERAGE((IF(DATOS_[[Sexo]:[Sexo]]=$B11,IF(DATOS_[[Check Periodo Ref.]:[Check Periodo Ref.]]="Dentro",DATOS_[Conc.Sal.11]))))), 0)} -> 0 | Q11: {=IFERROR( (AVERAGE((IF(DATOS_[[Sexo]:[Sexo]]=$B11,IF(DATOS_[[Check Periodo Ref.]:[Check Periodo Ref.]]="Dentro",DATOS_[Conc.Sal.12]))))), 0)} -> 0 | R11: {=IFERROR( (AVERAGE((IF(DATOS_[[Sexo]:[Sexo]]=$B11,IF(DATOS_[[Check Periodo Ref.]:[Check Periodo Ref.]]="Dentro",DATOS_[Conc.Sal.13]))))), 0)} -> 0 | S11: {=IFERROR( (AVERAGE((IF(DATOS_[[Sexo]:[Sexo]]=$B11,IF(DATOS_[[Check Periodo Ref.]:[Check Periodo Ref.]]="Dentro",DATOS_[Conc.Sal.14]))))), 0)} -> 0 | T11: {=IFERROR( (AVERAGE((IF(DATOS_[[Sexo]:[Sexo]]=$B11,IF(DATOS_[[Check Periodo Ref.]:[Check Periodo Ref.]]="Dentro",DATOS_[Conc.Sal.15]))))), 0)} -> 0 | U11: {=IFERROR( (AVERAGE((IF(DATOS_[[Sexo]:[Sexo]]=$B11,IF(DATOS_[[Check Periodo Ref.]:[Check Periodo Ref.]]="Dentro",DATOS_[Conc.Sal.16]))))), 0)} -> 0 | V11: {=IFERROR( (AVERAGE((IF(DATOS_[[Sexo]:[Sexo]]=$B11,IF(DATOS_[[Check Periodo Ref.]:[Check Periodo Ref.]]="Dentro",DATOS_[Conc.Sal.17]))))), 0)} -> 0 | W11: {=IFERROR( (AVERAGE((IF(DATOS_[[Sexo]:[Sexo]]=$B11,IF(DATOS_[[Check Periodo Ref.]:[Check Periodo Ref.]]="Dentro",DATOS_[Conc.Sal.18]))))), 0)} -> 0 | X11: {=IFERROR( (AVERAGE((IF(DATOS_[[Sexo]:[Sexo]]=$B11,IF(DATOS_[[Check Periodo Ref.]:[Check Periodo Ref.]]="Dentro",DATOS_[Conc.Sal.19]))))), 0)} -> 0 | Y11: {=IFERROR( (AVERAGE((IF(DATOS_[[Sexo]:[Sexo]]=$B11,IF(DATOS_[[Check Periodo Ref.]:[Check Periodo Ref.]]="Dentro",DATOS_[Conc.Sal.20]))))), 0)} -> 0 | Z11: {=IFERROR( (AVERAGE((IF(DATOS_[[Sexo]:[Sexo]]=$B11,IF(DATOS_[[Check Periodo Ref.]:[Check Periodo Ref.]]="Dentro",DATOS_[Conc.Sal.21]))))), 0)} -> 0 | AA11: {=IFERROR( (AVERAGE((IF(DATOS_[[Sexo]:[Sexo]]=$B11,IF(DATOS_[[Check Periodo Ref.]:[Check Periodo Ref.]]="Dentro",DATOS_[Conc.Sal.22]))))), 0)} -> 0 | AB11: {=IFERROR( (AVERAGE((IF(DATOS_[[Sexo]:[Sexo]]=$B11,IF(DATOS_[[Check Periodo Ref.]:[Check Periodo Ref.]]="Dentro",DATOS_[Conc.Sal.23]))))), 0)} -> 0 | AC11: {=IFERROR( (AVERAGE((IF(DATOS_[[Sexo]:[Sexo]]=$B11,IF(DATOS_[[Check Periodo Ref.]:[Check Periodo Ref.]]="Dentro",DATOS_[Conc.Sal.24]))))), 0)} -> 0 | AD11: {=IFERROR( (AVERAGE((IF(DATOS_[[Sexo]:[Sexo]]=$B11,IF(DATOS_[[Check Periodo Ref.]:[Check Periodo Ref.]]="Dentro",DATOS_[Conc.Sal.25]))))), 0)} -> 0 | AE11: {=IFERROR( (AVERAGE((IF(DATOS_[[Sexo]:[Sexo]]=$B11,IF(DATOS_[[Check Periodo Ref.]:[Check Periodo Ref.]]="Dentro",DATOS_[Conc.Sal.26]))))), 0)} -> 0 | AF11: {=IFERROR( (AVERAGE((IF(DATOS_[[Sexo]:[Sexo]]=$B11,IF(DATOS_[[Check Periodo Ref.]:[Check Periodo Ref.]]="Dentro",DATOS_[Conc.Sal.27]))))), 0)} -> 0 | AG11: {=IFERROR( (AVERAGE((IF(DATOS_[[Sexo]:[Sexo]]=$B11,IF(DATOS_[[Check Periodo Ref.]:[Check Periodo Ref.]]="Dentro",DATOS_[Conc.Sal.28]))))), 0)} -> 0 | AH11: {=IFERROR( (AVERAGE((IF(DATOS_[[Sexo]:[Sexo]]=$B11,IF(DATOS_[[Check Periodo Ref.]:[Check Periodo Ref.]]="Dentro",DATOS_[Conc.Sal.29]))))), 0)} -> 0 | AI11: {=IFERROR( (AVERAGE((IF(DATOS_[[Sexo]:[Sexo]]=$B11,IF(DATOS_[[Check Periodo Ref.]:[Check Periodo Ref.]]="Dentro",DATOS_[Conc.Sal.30]))))), 0)} -> 0 | AJ11: {=IFERROR( AVERAGE(IF(DATOS_[Sexo]=$B11,IF(DATOS_[Check Periodo Ref.]="Dentro",DATOS_[Tot COMPL.SAL Ef],0))), 0)} -> 0 | AK11: {=IFERROR( AVERAGE(IF(DATOS_[Sexo]=$B11,IF(DATOS_[Check Periodo Ref.]="Dentro",DATOS_[TOTAL SALARIO Ef],0))), 0)} -> 0 | AL11: {=IFERROR( (AVERAGE((IF(DATOS_[[Sexo]:[Sexo]]=$B11,IF(DATOS_[[Check Periodo Ref.]:[Check Periodo Ref.]]="Dentro",DATOS_[C.Extra.01]))))), 0)} -> 0 | AM11: {=IFERROR( (AVERAGE((IF(DATOS_[[Sexo]:[Sexo]]=$B11,IF(DATOS_[[Check Periodo Ref.]:[Check Periodo Ref.]]="Dentro",DATOS_[C.Extra.02]))))), 0)} -> 0 | AN11: {=IFERROR( (AVERAGE((IF(DATOS_[[Sexo]:[Sexo]]=$B11,IF(DATOS_[[Check Periodo Ref.]:[Check Periodo Ref.]]="Dentro",DATOS_[C.Extra.03]))))), 0)} -> 0 | AO11: {=IFERROR( (AVERAGE((IF(DATOS_[[Sexo]:[Sexo]]=$B11,IF(DATOS_[[Check Periodo Ref.]:[Check Periodo Ref.]]="Dentro",DATOS_[C.Extra.04]))))), 0)} -> 0 | AP11: {=IFERROR( (AVERAGE((IF(DATOS_[[Sexo]:[Sexo]]=$B11,IF(DATOS_[[Check Periodo Ref.]:[Check Periodo Ref.]]="Dentro",DATOS_[C.Extra.05]))))), 0)} -> 0 | AQ11: {=IFERROR( AVERAGE(IF(DATOS_[Sexo]=$B11,IF(DATOS_[Check Periodo Ref.]="Dentro",DATOS_[Tot Extrasalarial Ef],0))), 0)} -> 0 | AR11: {=IFERROR( AVERAGE(IF(DATOS_[Sexo]=$B11,IF(DATOS_[Check Periodo Ref.]="Dentro",DATOS_[TOTAL Retrib Ef],0))), 0)} -> 0
C14: Nº | D14: Nº SC | E14: SALARIO BASE Ef | F14: =+F8 -> [ocultar] | G14: =+G8 -> [ocultar] | H14: =+H8 -> [ocultar] | I14: =+I8 -> [ocultar] | J14: =+J8 -> [ocultar] | K14: =+K8 -> [ocultar] | L14: =+L8 -> [ocultar] | M14: =+M8 -> [ocultar] | ... AI14: =+AI8 -> [ocultar] | AJ14: Tot COMPL.SAL Ef | AK14: TOTAL SALARIO Ef | AL14: =+AL8 -> [ocultar] | AM14: =+AM8 -> [ocultar] | AN14: =+AN8 -> [ocultar] | AO14: =+AO8 -> [ocultar] | AP14: =+AP8 -> [ocultar] | AQ14: Tot Extrasalarial Ef | AR14: TOTAL Retrib Ef
A15: =+A16 -> [ocultar] | B15: GRUPO 01 | E15: =IFERROR((E16-E17)/E16,"") | F15: =IFERROR((F16-F17)/F16,"") | G15: =IFERROR((G16-G17)/G16,"") | H15: =IFERROR((H16-H17)/H16,"") | I15: =IFERROR((I16-I17)/I16,"") | J15: =IFERROR((J16-J17)/J16,"") | K15: =IFERROR((K16-K17)/K16,"") | L15: =IFERROR((L16-L17)/L16,"") | ... AR15: =IFERROR((AR16-AR17)/AR16,"")
A16: =+IF(C16+C17=0,"[ocultar]","") -> [ocultar] | B16: Hombre | C16: {=SUM(IF($B16=DATOS_[Sexo], IF($B15=DATOS_[AGRUP. CLAS. PROF.], IF("Dentro"=DATOS_[Check Periodo Ref.], 1/(COUNTIFS(DATOS_[Sexo],$B16,DATOS_[AGRUP. CLAS. PROF.],$B15,DATOS_[Check Periodo Ref.],"Dentro",DATOS_[id],DATOS_[id]))))))} -> 0 | D16: =COUNTIFS(DATOS_[AGRUP. CLAS. PROF.],$B15,DATOS_[Sexo],$B16,DATOS_[Check Periodo Ref.],"Dentro") -> 0 | E16: {=IFERROR( AVERAGE(IF(DATOS_[Sexo]=$B16,IF(DATOS_[AGRUP. CLAS. PROF.]=$B15,IF(DATOS_[Check Periodo Ref.]="Dentro",DATOS_[SALARIO BASE Ef],0)))), 0)} -> 0 | F16: {=IFERROR( AVERAGE((IF(DATOS_[[Sexo]:[Sexo]]=$B16,IF(DATOS_[[AGRUP. CLAS. PROF.]:[AGRUP. CLAS. PROF.]]=$B15,IF(DATOS_[[Check Periodo Ref.]:[Check Periodo Ref.]]="Dentro",DATOS_[Conc.Sal.01]))))), 0)} -> 0 | G16: {=IFERROR( AVERAGE((IF(DATOS_[[Sexo]:[Sexo]]=$B16,IF(DATOS_[[AGRUP. CLAS. PROF.]:[AGRUP. CLAS. PROF.]]=$B15,IF(DATOS_[[Check Periodo Ref.]:[Check Periodo Ref.]]="Dentro",DATOS_[Conc.Sal.02]))))), 0)} -> 0 | H16: {=IFERROR( AVERAGE((IF(DATOS_[[Sexo]:[Sexo]]=$B16,IF(DATOS_[[AGRUP. CLAS. PROF.]:[AGRUP. CLAS. PROF.]]=$B15,IF(DATOS_[[Check Periodo Ref.]:[Check Periodo Ref.]]="Dentro",DATOS_[Conc.Sal.03]))))), 0)} -> 0 | I16: {=IFERROR( AVERAGE((IF(DATOS_[[Sexo]:[Sexo]]=$B16,IF(DATOS_[[AGRUP. CLAS. PROF.]:[AGRUP. CLAS. PROF.]]=$B15,IF(DATOS_[[Check Periodo Ref.]:[Check Periodo Ref.]]="Dentro",DATOS_[Conc.Sal.04]))))), 0)} -> 0 | J16: {=IFERROR( AVERAGE((IF(DATOS_[[Sexo]:[Sexo]]=$B16,IF(DATOS_[[AGRUP. CLAS. PROF.]:[AGRUP. CLAS. PROF.]]=$B15,IF(DATOS_[[Check Periodo Ref.]:[Check Periodo Ref.]]="Dentro",DATOS_[Conc.Sal.05]))))), 0)} -> 0 | K16: {=IFERROR( AVERAGE((IF(DATOS_[[Sexo]:[Sexo]]=$B16,IF(DATOS_[[AGRUP. CLAS. PROF.]:[AGRUP. CLAS. PROF.]]=$B15,IF(DATOS_[[Check Periodo Ref.]:[Check Periodo Ref.]]="Dentro",DATOS_[Conc.Sal.06]))))), 0)} -> 0 | L16: {=IFERROR( AVERAGE((IF(DATOS_[[Sexo]:[Sexo]]=$B16,IF(DATOS_[[AGRUP. CLAS. PROF.]:[AGRUP. CLAS. PROF.]]=$B15,IF(DATOS_[[Check Periodo Ref.]:[Check Periodo Ref.]]="Dentro",DATOS_[Conc.Sal.07]))))), 0)} -> 0 | M16: {=IFERROR( AVERAGE((IF(DATOS_[[Sexo]:[Sexo]]=$B16,IF(DATOS_[[AGRUP. CLAS. PROF.]:[AGRUP. CLAS. PROF.]]=$B15,IF(DATOS_[[Check Periodo Ref.]:[Check Periodo Ref.]]="Dentro",DATOS_[Conc.Sal.08]))))), 0)} -> 0 | N16: {=IFERROR( AVERAGE((IF(DATOS_[[Sexo]:[Sexo]]=$B16,IF(DATOS_[[AGRUP. CLAS. PROF.]:[AGRUP. CLAS. PROF.]]=$B15,IF(DATOS_[[Check Periodo Ref.]:[Check Periodo Ref.]]="Dentro",DATOS_[Conc.Sal.09]))))), 0)} -> 0 | O16: {=IFERROR( AVERAGE((IF(DATOS_[[Sexo]:[Sexo]]=$B16,IF(DATOS_[[AGRUP. CLAS. PROF.]:[AGRUP. CLAS. PROF.]]=$B15,IF(DATOS_[[Check Periodo Ref.]:[Check Periodo Ref.]]="Dentro",DATOS_[Conc.Sal.10]))))), 0)} -> 0 | P16: {=IFERROR( AVERAGE((IF(DATOS_[[Sexo]:[Sexo]]=$B16,IF(DATOS_[[AGRUP. CLAS. PROF.]:[AGRUP. CLAS. PROF.]]=$B15,IF(DATOS_[[Check Periodo Ref.]:[Check Periodo Ref.]]="Dentro",DATOS_[Conc.Sal.11]))))), 0)} -> 0 | Q16: {=IFERROR( AVERAGE((IF(DATOS_[[Sexo]:[Sexo]]=$B16,IF(DATOS_[[AGRUP. CLAS. PROF.]:[AGRUP. CLAS. PROF.]]=$B15,IF(DATOS_[[Check Periodo Ref.]:[Check Periodo Ref.]]="Dentro",DATOS_[Conc.Sal.12]))))), 0)} -> 0 | R16: {=IFERROR( AVERAGE((IF(DATOS_[[Sexo]:[Sexo]]=$B16,IF(DATOS_[[AGRUP. CLAS. PROF.]:[AGRUP. CLAS. PROF.]]=$B15,IF(DATOS_[[Check Periodo Ref.]:[Check Periodo Ref.]]="Dentro",DATOS_[Conc.Sal.13]))))), 0)} -> 0 | S16: {=IFERROR( AVERAGE((IF(DATOS_[[Sexo]:[Sexo]]=$B16,IF(DATOS_[[AGRUP. CLAS. PROF.]:[AGRUP. CLAS. PROF.]]=$B15,IF(DATOS_[[Check Periodo Ref.]:[Check Periodo Ref.]]="Dentro",DATOS_[Conc.Sal.14]))))), 0)} -> 0 | T16: {=IFERROR( AVERAGE((IF(DATOS_[[Sexo]:[Sexo]]=$B16,IF(DATOS_[[AGRUP. CLAS. PROF.]:[AGRUP. CLAS. PROF.]]=$B15,IF(DATOS_[[Check Periodo Ref.]:[Check Periodo Ref.]]="Dentro",DATOS_[Conc.Sal.15]))))), 0)} -> 0 | U16: {=IFERROR( AVERAGE((IF(DATOS_[[Sexo]:[Sexo]]=$B16,IF(DATOS_[[AGRUP. CLAS. PROF.]:[AGRUP. CLAS. PROF.]]=$B15,IF(DATOS_[[Check Periodo Ref.]:[Check Periodo Ref.]]="Dentro",DATOS_[Conc.Sal.16]))))), 0)} -> 0 | V16: {=IFERROR( AVERAGE((IF(DATOS_[[Sexo]:[Sexo]]=$B16,IF(DATOS_[[AGRUP. CLAS. PROF.]:[AGRUP. CLAS. PROF.]]=$B15,IF(DATOS_[[Check Periodo Ref.]:[Check Periodo Ref.]]="Dentro",DATOS_[Conc.Sal.17]))))), 0)} -> 0 | W16: {=IFERROR( AVERAGE((IF(DATOS_[[Sexo]:[Sexo]]=$B16,IF(DATOS_[[AGRUP. CLAS. PROF.]:[AGRUP. CLAS. PROF.]]=$B15,IF(DATOS_[[Check Periodo Ref.]:[Check Periodo Ref.]]="Dentro",DATOS_[Conc.Sal.18]))))), 0)} -> 0 | X16: {=IFERROR( AVERAGE((IF(DATOS_[[Sexo]:[Sexo]]=$B16,IF(DATOS_[[AGRUP. CLAS. PROF.]:[AGRUP. CLAS. PROF.]]=$B15,IF(DATOS_[[Check Periodo Ref.]:[Check Periodo Ref.]]="Dentro",DATOS_[Conc.Sal.19]))))), 0)} -> 0 | Y16: {=IFERROR( AVERAGE((IF(DATOS_[[Sexo]:[Sexo]]=$B16,IF(DATOS_[[AGRUP. CLAS. PROF.]:[AGRUP. CLAS. PROF.]]=$B15,IF(DATOS_[[Check Periodo Ref.]:[Check Periodo Ref.]]="Dentro",DATOS_[Conc.Sal.20]))))), 0)} -> 0 | Z16: {=IFERROR( AVERAGE((IF(DATOS_[[Sexo]:[Sexo]]=$B16,IF(DATOS_[[AGRUP. CLAS. PROF.]:[AGRUP. CLAS. PROF.]]=$B15,IF(DATOS_[[Check Periodo Ref.]:[Check Periodo Ref.]]="Dentro",DATOS_[Conc.Sal.21]))))), 0)} -> 0 | AA16: {=IFERROR( AVERAGE((IF(DATOS_[[Sexo]:[Sexo]]=$B16,IF(DATOS_[[AGRUP. CLAS. PROF.]:[AGRUP. CLAS. PROF.]]=$B15,IF(DATOS_[[Check Periodo Ref.]:[Check Periodo Ref.]]="Dentro",DATOS_[Conc.Sal.22]))))), 0)} -> 0 | AB16: {=IFERROR( AVERAGE((IF(DATOS_[[Sexo]:[Sexo]]=$B16,IF(DATOS_[[AGRUP. CLAS. PROF.]:[AGRUP. CLAS. PROF.]]=$B15,IF(DATOS_[[Check Periodo Ref.]:[Check Periodo Ref.]]="Dentro",DATOS_[Conc.Sal.23]))))), 0)} -> 0 | AC16: {=IFERROR( AVERAGE((IF(DATOS_[[Sexo]:[Sexo]]=$B16,IF(DATOS_[[AGRUP. CLAS. PROF.]:[AGRUP. CLAS. PROF.]]=$B15,IF(DATOS_[[Check Periodo Ref.]:[Check Periodo Ref.]]="Dentro",DATOS_[Conc.Sal.24]))))), 0)} -> 0 | AD16: {=IFERROR( AVERAGE((IF(DATOS_[[Sexo]:[Sexo]]=$B16,IF(DATOS_[[AGRUP. CLAS. PROF.]:[AGRUP. CLAS. PROF.]]=$B15,IF(DATOS_[[Check Periodo Ref.]:[Check Periodo Ref.]]="Dentro",DATOS_[Conc.Sal.25]))))), 0)} -> 0 | AE16: {=IFERROR( AVERAGE((IF(DATOS_[[Sexo]:[Sexo]]=$B16,IF(DATOS_[[AGRUP. CLAS. PROF.]:[AGRUP. CLAS. PROF.]]=$B15,IF(DATOS_[[Check Periodo Ref.]:[Check Periodo Ref.]]="Dentro",DATOS_[Conc.Sal.26]))))), 0)} -> 0 | AF16: {=IFERROR( AVERAGE((IF(DATOS_[[Sexo]:[Sexo]]=$B16,IF(DATOS_[[AGRUP. CLAS. PROF.]:[AGRUP. CLAS. PROF.]]=$B15,IF(DATOS_[[Check Periodo Ref.]:[Check Periodo Ref.]]="Dentro",DATOS_[Conc.Sal.27]))))), 0)} -> 0 | AG16: {=IFERROR( AVERAGE((IF(DATOS_[[Sexo]:[Sexo]]=$B16,IF(DATOS_[[AGRUP. CLAS. PROF.]:[AGRUP. CLAS. PROF.]]=$B15,IF(DATOS_[[Check Periodo Ref.]:[Check Periodo Ref.]]="Dentro",DATOS_[Conc.Sal.28]))))), 0)} -> 0 | AH16: {=IFERROR( AVERAGE((IF(DATOS_[[Sexo]:[Sexo]]=$B16,IF(DATOS_[[AGRUP. CLAS. PROF.]:[AGRUP. CLAS. PROF.]]=$B15,IF(DATOS_[[Check Periodo Ref.]:[Check Periodo Ref.]]="Dentro",DATOS_[Conc.Sal.29]))))), 0)} -> 0 | AI16: {=IFERROR( AVERAGE((IF(DATOS_[[Sexo]:[Sexo]]=$B16,IF(DATOS_[[AGRUP. CLAS. PROF.]:[AGRUP. CLAS. PROF.]]=$B15,IF(DATOS_[[Check Periodo Ref.]:[Check Periodo Ref.]]="Dentro",DATOS_[Conc.Sal.30]))))), 0)} -> 0 | AJ16: {=IFERROR( AVERAGE(IF(DATOS_[Sexo]=$B16,IF(DATOS_[AGRUP. CLAS. PROF.]=$B15,IF(DATOS_[Check Periodo Ref.]="Dentro",DATOS_[Tot COMPL.SAL Ef],0)))), 0)} -> 0 | AK16: {=IFERROR( AVERAGE(IF(DATOS_[Sexo]=$B16,IF(DATOS_[AGRUP. CLAS. PROF.]=$B15,IF(DATOS_[Check Periodo Ref.]="Dentro",DATOS_[TOTAL SALARIO Ef],0)))), 0)} -> 0 | AL16: {=IFERROR( AVERAGE((IF(DATOS_[[Sexo]:[Sexo]]=$B16,IF(DATOS_[[AGRUP. CLAS. PROF.]:[AGRUP. CLAS. PROF.]]=$B15,IF(DATOS_[[Check Periodo Ref.]:[Check Periodo Ref.]]="Dentro",DATOS_[C.Extra.01]))))), 0)} -> 0 | AM16: {=IFERROR( AVERAGE((IF(DATOS_[[Sexo]:[Sexo]]=$B16,IF(DATOS_[[AGRUP. CLAS. PROF.]:[AGRUP. CLAS. PROF.]]=$B15,IF(DATOS_[[Check Periodo Ref.]:[Check Periodo Ref.]]="Dentro",DATOS_[C.Extra.02]))))), 0)} -> 0 | AN16: {=IFERROR( AVERAGE((IF(DATOS_[[Sexo]:[Sexo]]=$B16,IF(DATOS_[[AGRUP. CLAS. PROF.]:[AGRUP. CLAS. PROF.]]=$B15,IF(DATOS_[[Check Periodo Ref.]:[Check Periodo Ref.]]="Dentro",DATOS_[C.Extra.03]))))), 0)} -> 0 | AO16: {=IFERROR( AVERAGE((IF(DATOS_[[Sexo]:[Sexo]]=$B16,IF(DATOS_[[AGRUP. CLAS. PROF.]:[AGRUP. CLAS. PROF.]]=$B15,IF(DATOS_[[Check Periodo Ref.]:[Check Periodo Ref.]]="Dentro",DATOS_[C.Extra.04]))))), 0)} -> 0 | AP16: {=IFERROR( AVERAGE((IF(DATOS_[[Sexo]:[Sexo]]=$B16,IF(DATOS_[[AGRUP. CLAS. PROF.]:[AGRUP. CLAS. PROF.]]=$B15,IF(DATOS_[[Check Periodo Ref.]:[Check Periodo Ref.]]="Dentro",DATOS_[C.Extra.05]))))), 0)} -> 0 | AQ16: {=IFERROR( AVERAGE(IF(DATOS_[Sexo]=$B16,IF(DATOS_[AGRUP. CLAS. PROF.]=$B15,IF(DATOS_[Check Periodo Ref.]="Dentro",DATOS_[Tot Extrasalarial Ef],0)))), 0)} -> 0 | AR16: {=IFERROR( AVERAGE(IF(DATOS_[Sexo]=$B16,IF(DATOS_[AGRUP. CLAS. PROF.]=$B15,IF(DATOS_[Check Periodo Ref.]="Dentro",DATOS_[TOTAL Retrib Ef],0)))), 0)} -> 0
A17: =+A16 -> [ocultar] | B17: Mujer | C17: {=SUM(IF($B17=DATOS_[Sexo], IF($B15=DATOS_[AGRUP. CLAS. PROF.], IF("Dentro"=DATOS_[Check Periodo Ref.], 1/(COUNTIFS(DATOS_[Sexo],$B17,DATOS_[AGRUP. CLAS. PROF.],$B15,DATOS_[Check Periodo Ref.],"Dentro",DATOS_[id],DATOS_[id]))))))} -> 0 | D17: =COUNTIFS(DATOS_[AGRUP. CLAS. PROF.],$B15,DATOS_[Sexo],$B17,DATOS_[Check Periodo Ref.],"Dentro") -> 0 | E17: {=IFERROR( AVERAGE(IF(DATOS_[Sexo]=$B17,IF(DATOS_[AGRUP. CLAS. PROF.]=$B15,IF(DATOS_[Check Periodo Ref.]="Dentro",DATOS_[SALARIO BASE Ef],0)))), 0)} -> 0 | F17: {=IFERROR( AVERAGE((IF(DATOS_[[Sexo]:[Sexo]]=$B17,IF(DATOS_[[AGRUP. CLAS. PROF.]:[AGRUP. CLAS. PROF.]]=$B15,IF(DATOS_[[Check Periodo Ref.]:[Check Periodo Ref.]]="Dentro",DATOS_[Conc.Sal.01]))))), 0)} -> 0 | G17: {=IFERROR( AVERAGE((IF(DATOS_[[Sexo]:[Sexo]]=$B17,IF(DATOS_[[AGRUP. CLAS. PROF.]:[AGRUP. CLAS. PROF.]]=$B15,IF(DATOS_[[Check Periodo Ref.]:[Check Periodo Ref.]]="Dentro",DATOS_[Conc.Sal.02]))))), 0)} -> 0 | H17: {=IFERROR( AVERAGE((IF(DATOS_[[Sexo]:[Sexo]]=$B17,IF(DATOS_[[AGRUP. CLAS. PROF.]:[AGRUP. CLAS. PROF.]]=$B15,IF(DATOS_[[Check Periodo Ref.]:[Check Periodo Ref.]]="Dentro",DATOS_[Conc.Sal.03]))))), 0)} -> 0 | I17: {=IFERROR( AVERAGE((IF(DATOS_[[Sexo]:[Sexo]]=$B17,IF(DATOS_[[AGRUP. CLAS. PROF.]:[AGRUP. CLAS. PROF.]]=$B15,IF(DATOS_[[Check Periodo Ref.]:[Check Periodo Ref.]]="Dentro",DATOS_[Conc.Sal.04]))))), 0)} -> 0 | J17: {=IFERROR( AVERAGE((IF(DATOS_[[Sexo]:[Sexo]]=$B17,IF(DATOS_[[AGRUP. CLAS. PROF.]:[AGRUP. CLAS. PROF.]]=$B15,IF(DATOS_[[Check Periodo Ref.]:[Check Periodo Ref.]]="Dentro",DATOS_[Conc.Sal.05]))))), 0)} -> 0 | K17: {=IFERROR( AVERAGE((IF(DATOS_[[Sexo]:[Sexo]]=$B17,IF(DATOS_[[AGRUP. CLAS. PROF.]:[AGRUP. CLAS. PROF.]]=$B15,IF(DATOS_[[Check Periodo Ref.]:[Check Periodo Ref.]]="Dentro",DATOS_[Conc.Sal.06]))))), 0)} -> 0 | L17: {=IFERROR( AVERAGE((IF(DATOS_[[Sexo]:[Sexo]]=$B17,IF(DATOS_[[AGRUP. CLAS. PROF.]:[AGRUP. CLAS. PROF.]]=$B15,IF(DATOS_[[Check Periodo Ref.]:[Check Periodo Ref.]]="Dentro",DATOS_[Conc.Sal.07]))))), 0)} -> 0 | M17: {=IFERROR( AVERAGE((IF(DATOS_[[Sexo]:[Sexo]]=$B17,IF(DATOS_[[AGRUP. CLAS. PROF.]:[AGRUP. CLAS. PROF.]]=$B15,IF(DATOS_[[Check Periodo Ref.]:[Check Periodo Ref.]]="Dentro",DATOS_[Conc.Sal.08]))))), 0)} -> 0 | N17: {=IFERROR( AVERAGE((IF(DATOS_[[Sexo]:[Sexo]]=$B17,IF(DATOS_[[AGRUP. CLAS. PROF.]:[AGRUP. CLAS. PROF.]]=$B15,IF(DATOS_[[Check Periodo Ref.]:[Check Periodo Ref.]]="Dentro",DATOS_[Conc.Sal.09]))))), 0)} -> 0 | O17: {=IFERROR( AVERAGE((IF(DATOS_[[Sexo]:[Sexo]]=$B17,IF(DATOS_[[AGRUP. CLAS. PROF.]:[AGRUP. CLAS. PROF.]]=$B15,IF(DATOS_[[Check Periodo Ref.]:[Check Periodo Ref.]]="Dentro",DATOS_[Conc.Sal.10]))))), 0)} -> 0 | P17: {=IFERROR( AVERAGE((IF(DATOS_[[Sexo]:[Sexo]]=$B17,IF(DATOS_[[AGRUP. CLAS. PROF.]:[AGRUP. CLAS. PROF.]]=$B15,IF(DATOS_[[Check Periodo Ref.]:[Check Periodo Ref.]]="Dentro",DATOS_[Conc.Sal.11]))))), 0)} -> 0 | Q17: {=IFERROR( AVERAGE((IF(DATOS_[[Sexo]:[Sexo]]=$B17,IF(DATOS_[[AGRUP. CLAS. PROF.]:[AGRUP. CLAS. PROF.]]=$B15,IF(DATOS_[[Check Periodo Ref.]:[Check Periodo Ref.]]="Dentro",DATOS_[Conc.Sal.12]))))), 0)} -> 0 | R17: {=IFERROR( AVERAGE((IF(DATOS_[[Sexo]:[Sexo]]=$B17,IF(DATOS_[[AGRUP. CLAS. PROF.]:[AGRUP. CLAS. PROF.]]=$B15,IF(DATOS_[[Check Periodo Ref.]:[Check Periodo Ref.]]="Dentro",DATOS_[Conc.Sal.13]))))), 0)} -> 0 | S17: {=IFERROR( AVERAGE((IF(DATOS_[[Sexo]:[Sexo]]=$B17,IF(DATOS_[[AGRUP. CLAS. PROF.]:[AGRUP. CLAS. PROF.]]=$B15,IF(DATOS_[[Check Periodo Ref.]:[Check Periodo Ref.]]="Dentro",DATOS_[Conc.Sal.14]))))), 0)} -> 0 | T17: {=IFERROR( AVERAGE((IF(DATOS_[[Sexo]:[Sexo]]=$B17,IF(DATOS_[[AGRUP. CLAS. PROF.]:[AGRUP. CLAS. PROF.]]=$B15,IF(DATOS_[[Check Periodo Ref.]:[Check Periodo Ref.]]="Dentro",DATOS_[Conc.Sal.15]))))), 0)} -> 0 | U17: {=IFERROR( AVERAGE((IF(DATOS_[[Sexo]:[Sexo]]=$B17,IF(DATOS_[[AGRUP. CLAS. PROF.]:[AGRUP. CLAS. PROF.]]=$B15,IF(DATOS_[[Check Periodo Ref.]:[Check Periodo Ref.]]="Dentro",DATOS_[Conc.Sal.16]))))), 0)} -> 0 | V17: {=IFERROR( AVERAGE((IF(DATOS_[[Sexo]:[Sexo]]=$B17,IF(DATOS_[[AGRUP. CLAS. PROF.]:[AGRUP. CLAS. PROF.]]=$B15,IF(DATOS_[[Check Periodo Ref.]:[Check Periodo Ref.]]="Dentro",DATOS_[Conc.Sal.17]))))), 0)} -> 0 | W17: {=IFERROR( AVERAGE((IF(DATOS_[[Sexo]:[Sexo]]=$B17,IF(DATOS_[[AGRUP. CLAS. PROF.]:[AGRUP. CLAS. PROF.]]=$B15,IF(DATOS_[[Check Periodo Ref.]:[Check Periodo Ref.]]="Dentro",DATOS_[Conc.Sal.18]))))), 0)} -> 0 | X17: {=IFERROR( AVERAGE((IF(DATOS_[[Sexo]:[Sexo]]=$B17,IF(DATOS_[[AGRUP. CLAS. PROF.]:[AGRUP. CLAS. PROF.]]=$B15,IF(DATOS_[[Check Periodo Ref.]:[Check Periodo Ref.]]="Dentro",DATOS_[Conc.Sal.19]))))), 0)} -> 0 | Y17: {=IFERROR( AVERAGE((IF(DATOS_[[Sexo]:[Sexo]]=$B17,IF(DATOS_[[AGRUP. CLAS. PROF.]:[AGRUP. CLAS. PROF.]]=$B15,IF(DATOS_[[Check Periodo Ref.]:[Check Periodo Ref.]]="Dentro",DATOS_[Conc.Sal.20]))))), 0)} -> 0 | Z17: {=IFERROR( AVERAGE((IF(DATOS_[[Sexo]:[Sexo]]=$B17,IF(DATOS_[[AGRUP. CLAS. PROF.]:[AGRUP. CLAS. PROF.]]=$B15,IF(DATOS_[[Check Periodo Ref.]:[Check Periodo Ref.]]="Dentro",DATOS_[Conc.Sal.21]))))), 0)} -> 0 | AA17: {=IFERROR( AVERAGE((IF(DATOS_[[Sexo]:[Sexo]]=$B17,IF(DATOS_[[AGRUP. CLAS. PROF.]:[AGRUP. CLAS. PROF.]]=$B15,IF(DATOS_[[Check Periodo Ref.]:[Check Periodo Ref.]]="Dentro",DATOS_[Conc.Sal.22]))))), 0)} -> 0 | AB17: {=IFERROR( AVERAGE((IF(DATOS_[[Sexo]:[Sexo]]=$B17,IF(DATOS_[[AGRUP. CLAS. PROF.]:[AGRUP. CLAS. PROF.]]=$B15,IF(DATOS_[[Check Periodo Ref.]:[Check Periodo Ref.]]="Dentro",DATOS_[Conc.Sal.23]))))), 0)} -> 0 | AC17: {=IFERROR( AVERAGE((IF(DATOS_[[Sexo]:[Sexo]]=$B17,IF(DATOS_[[AGRUP. CLAS. PROF.]:[AGRUP. CLAS. PROF.]]=$B15,IF(DATOS_[[Check Periodo Ref.]:[Check Periodo Ref.]]="Dentro",DATOS_[Conc.Sal.24]))))), 0)} -> 0 | AD17: {=IFERROR( AVERAGE((IF(DATOS_[[Sexo]:[Sexo]]=$B17,IF(DATOS_[[AGRUP. CLAS. PROF.]:[AGRUP. CLAS. PROF.]]=$B15,IF(DATOS_[[Check Periodo Ref.]:[Check Periodo Ref.]]="Dentro",DATOS_[Conc.Sal.25]))))), 0)} -> 0 | AE17: {=IFERROR( AVERAGE((IF(DATOS_[[Sexo]:[Sexo]]=$B17,IF(DATOS_[[AGRUP. CLAS. PROF.]:[AGRUP. CLAS. PROF.]]=$B15,IF(DATOS_[[Check Periodo Ref.]:[Check Periodo Ref.]]="Dentro",DATOS_[Conc.Sal.26]))))), 0)} -> 0 | AF17: {=IFERROR( AVERAGE((IF(DATOS_[[Sexo]:[Sexo]]=$B17,IF(DATOS_[[AGRUP. CLAS. PROF.]:[AGRUP. CLAS. PROF.]]=$B15,IF(DATOS_[[Check Periodo Ref.]:[Check Periodo Ref.]]="Dentro",DATOS_[Conc.Sal.27]))))), 0)} -> 0 | AG17: {=IFERROR( AVERAGE((IF(DATOS_[[Sexo]:[Sexo]]=$B17,IF(DATOS_[[AGRUP. CLAS. PROF.]:[AGRUP. CLAS. PROF.]]=$B15,IF(DATOS_[[Check Periodo Ref.]:[Check Periodo Ref.]]="Dentro",DATOS_[Conc.Sal.28]))))), 0)} -> 0 | AH17: {=IFERROR( AVERAGE((IF(DATOS_[[Sexo]:[Sexo]]=$B17,IF(DATOS_[[AGRUP. CLAS. PROF.]:[AGRUP. CLAS. PROF.]]=$B15,IF(DATOS_[[Check Periodo Ref.]:[Check Periodo Ref.]]="Dentro",DATOS_[Conc.Sal.29]))))), 0)} -> 0 | AI17: {=IFERROR( AVERAGE((IF(DATOS_[[Sexo]:[Sexo]]=$B17,IF(DATOS_[[AGRUP. CLAS. PROF.]:[AGRUP. CLAS. PROF.]]=$B15,IF(DATOS_[[Check Periodo Ref.]:[Check Periodo Ref.]]="Dentro",DATOS_[Conc.Sal.30]))))), 0)} -> 0 | AJ17: {=IFERROR( AVERAGE(IF(DATOS_[Sexo]=$B17,IF(DATOS_[AGRUP. CLAS. PROF.]=$B15,IF(DATOS_[Check Periodo Ref.]="Dentro",DATOS_[Tot COMPL.SAL Ef],0)))), 0)} -> 0 | AK17: {=IFERROR( AVERAGE(IF(DATOS_[Sexo]=$B17,IF(DATOS_[AGRUP. CLAS. PROF.]=$B15,IF(DATOS_[Check Periodo Ref.]="Dentro",DATOS_[TOTAL SALARIO Ef],0)))), 0)} -> 0 | AL17: {=IFERROR( AVERAGE((IF(DATOS_[[Sexo]:[Sexo]]=$B17,IF(DATOS_[[AGRUP. CLAS. PROF.]:[AGRUP. CLAS. PROF.]]=$B15,IF(DATOS_[[Check Periodo Ref.]:[Check Periodo Ref.]]="Dentro",DATOS_[C.Extra.01]))))), 0)} -> 0 | AM17: {=IFERROR( AVERAGE((IF(DATOS_[[Sexo]:[Sexo]]=$B17,IF(DATOS_[[AGRUP. CLAS. PROF.]:[AGRUP. CLAS. PROF.]]=$B15,IF(DATOS_[[Check Periodo Ref.]:[Check Periodo Ref.]]="Dentro",DATOS_[C.Extra.02]))))), 0)} -> 0 | AN17: {=IFERROR( AVERAGE((IF(DATOS_[[Sexo]:[Sexo]]=$B17,IF(DATOS_[[AGRUP. CLAS. PROF.]:[AGRUP. CLAS. PROF.]]=$B15,IF(DATOS_[[Check Periodo Ref.]:[Check Periodo Ref.]]="Dentro",DATOS_[C.Extra.03]))))), 0)} -> 0 | AO17: {=IFERROR( AVERAGE((IF(DATOS_[[Sexo]:[Sexo]]=$B17,IF(DATOS_[[AGRUP. CLAS. PROF.]:[AGRUP. CLAS. PROF.]]=$B15,IF(DATOS_[[Check Periodo Ref.]:[Check Periodo Ref.]]="Dentro",DATOS_[C.Extra.04]))))), 0)} -> 0 | AP17: {=IFERROR( AVERAGE((IF(DATOS_[[Sexo]:[Sexo]]=$B17,IF(DATOS_[[AGRUP. CLAS. PROF.]:[AGRUP. CLAS. PROF.]]=$B15,IF(DATOS_[[Check Periodo Ref.]:[Check Periodo Ref.]]="Dentro",DATOS_[C.Extra.05]))))), 0)} -> 0 | AQ17: {=IFERROR( AVERAGE(IF(DATOS_[Sexo]=$B17,IF(DATOS_[AGRUP. CLAS. PROF.]=$B15,IF(DATOS_[Check Periodo Ref.]="Dentro",DATOS_[Tot Extrasalarial Ef],0)))), 0)} -> 0 | AR17: {=IFERROR( AVERAGE(IF(DATOS_[Sexo]=$B17,IF(DATOS_[AGRUP. CLAS. PROF.]=$B15,IF(DATOS_[Check Periodo Ref.]="Dentro",DATOS_[TOTAL Retrib Ef],0)))), 0)} -> 0
A18: =+A19 -> [ocultar] | B18: GRUPO 02 | E18: =IFERROR((E19-E20)/E19,"") | F18: =IFERROR((F19-F20)/F19,"") | G18: =IFERROR((G19-G20)/G19,"") | H18: =IFERROR((H19-H20)/H19,"") | I18: =IFERROR((I19-I20)/I19,"") | J18: =IFERROR((J19-J20)/J19,"") | K18: =IFERROR((K19-K20)/K19,"") | L18: =IFERROR((L19-L20)/L19,"") | ... AR18: =IFERROR((AR19-AR20)/AR19,"")
A19: =+IF(C19+C20=0,"[ocultar]","") -> [ocultar] | B19: Hombre | C19: {=SUM(IF($B19=DATOS_[Sexo], IF($B18=DATOS_[AGRUP. CLAS. PROF.], IF("Dentro"=DATOS_[Check Periodo Ref.], 1/(COUNTIFS(DATOS_[Sexo],$B19,DATOS_[AGRUP. CLAS. PROF.],$B18,DATOS_[Check Periodo Ref.],"Dentro",DATOS_[id],DATOS_[id]))))))} -> 0 | D19: =COUNTIFS(DATOS_[AGRUP. CLAS. PROF.],$B18,DATOS_[Sexo],$B19,DATOS_[Check Periodo Ref.],"Dentro") -> 0 | E19: {=IFERROR( AVERAGE(IF(DATOS_[Sexo]=$B19,IF(DATOS_[AGRUP. CLAS. PROF.]=$B18,IF(DATOS_[Check Periodo Ref.]="Dentro",DATOS_[SALARIO BASE Ef],0)))), 0)} -> 0 | F19: {=IFERROR( AVERAGE((IF(DATOS_[[Sexo]:[Sexo]]=$B19,IF(DATOS_[[AGRUP. CLAS. PROF.]:[AGRUP. CLAS. PROF.]]=$B18,IF(DATOS_[[Check Periodo Ref.]:[Check Periodo Ref.]]="Dentro",DATOS_[Conc.Sal.01]))))), 0)} -> 0 | G19: {=IFERROR( AVERAGE((IF(DATOS_[[Sexo]:[Sexo]]=$B19,IF(DATOS_[[AGRUP. CLAS. PROF.]:[AGRUP. CLAS. PROF.]]=$B18,IF(DATOS_[[Check Periodo Ref.]:[Check Periodo Ref.]]="Dentro",DATOS_[Conc.Sal.02]))))), 0)} -> 0 | H19: {=IFERROR( AVERAGE((IF(DATOS_[[Sexo]:[Sexo]]=$B19,IF(DATOS_[[AGRUP. CLAS. PROF.]:[AGRUP. CLAS. PROF.]]=$B18,IF(DATOS_[[Check Periodo Ref.]:[Check Periodo Ref.]]="Dentro",DATOS_[Conc.Sal.03]))))), 0)} -> 0 | I19: {=IFERROR( AVERAGE((IF(DATOS_[[Sexo]:[Sexo]]=$B19,IF(DATOS_[[AGRUP. CLAS. PROF.]:[AGRUP. CLAS. PROF.]]=$B18,IF(DATOS_[[Check Periodo Ref.]:[Check Periodo Ref.]]="Dentro",DATOS_[Conc.Sal.04]))))), 0)} -> 0 | J19: {=IFERROR( AVERAGE((IF(DATOS_[[Sexo]:[Sexo]]=$B19,IF(DATOS_[[AGRUP. CLAS. PROF.]:[AGRUP. CLAS. PROF.]]=$B18,IF(DATOS_[[Check Periodo Ref.]:[Check Periodo Ref.]]="Dentro",DATOS_[Conc.Sal.05]))))), 0)} -> 0 | K19: {=IFERROR( AVERAGE((IF(DATOS_[[Sexo]:[Sexo]]=$B19,IF(DATOS_[[AGRUP. CLAS. PROF.]:[AGRUP. CLAS. PROF.]]=$B18,IF(DATOS_[[Check Periodo Ref.]:[Check Periodo Ref.]]="Dentro",DATOS_[Conc.Sal.06]))))), 0)} -> 0 | L19: {=IFERROR( AVERAGE((IF(DATOS_[[Sexo]:[Sexo]]=$B19,IF(DATOS_[[AGRUP. CLAS. PROF.]:[AGRUP. CLAS. PROF.]]=$B18,IF(DATOS_[[Check Periodo Ref.]:[Check Periodo Ref.]]="Dentro",DATOS_[Conc.Sal.07]))))), 0)} -> 0 | M19: {=IFERROR( AVERAGE((IF(DATOS_[[Sexo]:[Sexo]]=$B19,IF(DATOS_[[AGRUP. CLAS. PROF.]:[AGRUP. CLAS. PROF.]]=$B18,IF(DATOS_[[Check Periodo Ref.]:[Check Periodo Ref.]]="Dentro",DATOS_[Conc.Sal.08]))))), 0)} -> 0 | N19: {=IFERROR( AVERAGE((IF(DATOS_[[Sexo]:[Sexo]]=$B19,IF(DATOS_[[AGRUP. CLAS. PROF.]:[AGRUP. CLAS. PROF.]]=$B18,IF(DATOS_[[Check Periodo Ref.]:[Check Periodo Ref.]]="Dentro",DATOS_[Conc.Sal.09]))))), 0)} -> 0 | O19: {=IFERROR( AVERAGE((IF(DATOS_[[Sexo]:[Sexo]]=$B19,IF(DATOS_[[AGRUP. CLAS. PROF.]:[AGRUP. CLAS. PROF.]]=$B18,IF(DATOS_[[Check Periodo Ref.]:[Check Periodo Ref.]]="Dentro",DATOS_[Conc.Sal.10]))))), 0)} -> 0 | P19: {=IFERROR( AVERAGE((IF(DATOS_[[Sexo]:[Sexo]]=$B19,IF(DATOS_[[AGRUP. CLAS. PROF.]:[AGRUP. CLAS. PROF.]]=$B18,IF(DATOS_[[Check Periodo Ref.]:[Check Periodo Ref.]]="Dentro",DATOS_[Conc.Sal.11]))))), 0)} -> 0 | Q19: {=IFERROR( AVERAGE((IF(DATOS_[[Sexo]:[Sexo]]=$B19,IF(DATOS_[[AGRUP. CLAS. PROF.]:[AGRUP. CLAS. PROF.]]=$B18,IF(DATOS_[[Check Periodo Ref.]:[Check Periodo Ref.]]="Dentro",DATOS_[Conc.Sal.12]))))), 0)} -> 0 | R19: {=IFERROR( AVERAGE((IF(DATOS_[[Sexo]:[Sexo]]=$B19,IF(DATOS_[[AGRUP. CLAS. PROF.]:[AGRUP. CLAS. PROF.]]=$B18,IF(DATOS_[[Check Periodo Ref.]:[Check Periodo Ref.]]="Dentro",DATOS_[Conc.Sal.13]))))), 0)} -> 0 | S19: {=IFERROR( AVERAGE((IF(DATOS_[[Sexo]:[Sexo]]=$B19,IF(DATOS_[[AGRUP. CLAS. PROF.]:[AGRUP. CLAS. PROF.]]=$B18,IF(DATOS_[[Check Periodo Ref.]:[Check Periodo Ref.]]="Dentro",DATOS_[Conc.Sal.14]))))), 0)} -> 0 | T19: {=IFERROR( AVERAGE((IF(DATOS_[[Sexo]:[Sexo]]=$B19,IF(DATOS_[[AGRUP. CLAS. PROF.]:[AGRUP. CLAS. PROF.]]=$B18,IF(DATOS_[[Check Periodo Ref.]:[Check Periodo Ref.]]="Dentro",DATOS_[Conc.Sal.15]))))), 0)} -> 0 | U19: {=IFERROR( AVERAGE((IF(DATOS_[[Sexo]:[Sexo]]=$B19,IF(DATOS_[[AGRUP. CLAS. PROF.]:[AGRUP. CLAS. PROF.]]=$B18,IF(DATOS_[[Check Periodo Ref.]:[Check Periodo Ref.]]="Dentro",DATOS_[Conc.Sal.16]))))), 0)} -> 0 | V19: {=IFERROR( AVERAGE((IF(DATOS_[[Sexo]:[Sexo]]=$B19,IF(DATOS_[[AGRUP. CLAS. PROF.]:[AGRUP. CLAS. PROF.]]=$B18,IF(DATOS_[[Check Periodo Ref.]:[Check Periodo Ref.]]="Dentro",DATOS_[Conc.Sal.17]))))), 0)} -> 0 | W19: {=IFERROR( AVERAGE((IF(DATOS_[[Sexo]:[Sexo]]=$B19,IF(DATOS_[[AGRUP. CLAS. PROF.]:[AGRUP. CLAS. PROF.]]=$B18,IF(DATOS_[[Check Periodo Ref.]:[Check Periodo Ref.]]="Dentro",DATOS_[Conc.Sal.18]))))), 0)} -> 0 | X19: {=IFERROR( AVERAGE((IF(DATOS_[[Sexo]:[Sexo]]=$B19,IF(DATOS_[[AGRUP. CLAS. PROF.]:[AGRUP. CLAS. PROF.]]=$B18,IF(DATOS_[[Check Periodo Ref.]:[Check Periodo Ref.]]="Dentro",DATOS_[Conc.Sal.19]))))), 0)} -> 0 | Y19: {=IFERROR( AVERAGE((IF(DATOS_[[Sexo]:[Sexo]]=$B19,IF(DATOS_[[AGRUP. CLAS. PROF.]:[AGRUP. CLAS. PROF.]]=$B18,IF(DATOS_[[Check Periodo Ref.]:[Check Periodo Ref.]]="Dentro",DATOS_[Conc.Sal.20]))))), 0)} -> 0 | Z19: {=IFERROR( AVERAGE((IF(DATOS_[[Sexo]:[Sexo]]=$B19,IF(DATOS_[[AGRUP. CLAS. PROF.]:[AGRUP. CLAS. PROF.]]=$B18,IF(DATOS_[[Check Periodo Ref.]:[Check Periodo Ref.]]="Dentro",DATOS_[Conc.Sal.21]))))), 0)} -> 0 | AA19: {=IFERROR( AVERAGE((IF(DATOS_[[Sexo]:[Sexo]]=$B19,IF(DATOS_[[AGRUP. CLAS. PROF.]:[AGRUP. CLAS. PROF.]]=$B18,IF(DATOS_[[Check Periodo Ref.]:[Check Periodo Ref.]]="Dentro",DATOS_[Conc.Sal.22]))))), 0)} -> 0 | AB19: {=IFERROR( AVERAGE((IF(DATOS_[[Sexo]:[Sexo]]=$B19,IF(DATOS_[[AGRUP. CLAS. PROF.]:[AGRUP. CLAS. PROF.]]=$B18,IF(DATOS_[[Check Periodo Ref.]:[Check Periodo Ref.]]="Dentro",DATOS_[Conc.Sal.23]))))), 0)} -> 0 | AC19: {=IFERROR( AVERAGE((IF(DATOS_[[Sexo]:[Sexo]]=$B19,IF(DATOS_[[AGRUP. CLAS. PROF.]:[AGRUP. CLAS. PROF.]]=$B18,IF(DATOS_[[Check Periodo Ref.]:[Check Periodo Ref.]]="Dentro",DATOS_[Conc.Sal.24]))))), 0)} -> 0 | AD19: {=IFERROR( AVERAGE((IF(DATOS_[[Sexo]:[Sexo]]=$B19,IF(DATOS_[[AGRUP. CLAS. PROF.]:[AGRUP. CLAS. PROF.]]=$B18,IF(DATOS_[[Check Periodo Ref.]:[Check Periodo Ref.]]="Dentro",DATOS_[Conc.Sal.25]))))), 0)} -> 0 | AE19: {=IFERROR( AVERAGE((IF(DATOS_[[Sexo]:[Sexo]]=$B19,IF(DATOS_[[AGRUP. CLAS. PROF.]:[AGRUP. CLAS. PROF.]]=$B18,IF(DATOS_[[Check Periodo Ref.]:[Check Periodo Ref.]]="Dentro",DATOS_[Conc.Sal.26]))))), 0)} -> 0 | AF19: {=IFERROR( AVERAGE((IF(DATOS_[[Sexo]:[Sexo]]=$B19,IF(DATOS_[[AGRUP. CLAS. PROF.]:[AGRUP. CLAS. PROF.]]=$B18,IF(DATOS_[[Check Periodo Ref.]:[Check Periodo Ref.]]="Dentro",DATOS_[Conc.Sal.27]))))), 0)} -> 0 | AG19: {=IFERROR( AVERAGE((IF(DATOS_[[Sexo]:[Sexo]]=$B19,IF(DATOS_[[AGRUP. CLAS. PROF.]:[AGRUP. CLAS. PROF.]]=$B18,IF(DATOS_[[Check Periodo Ref.]:[Check Periodo Ref.]]="Dentro",DATOS_[Conc.Sal.28]))))), 0)} -> 0 | AH19: {=IFERROR( AVERAGE((IF(DATOS_[[Sexo]:[Sexo]]=$B19,IF(DATOS_[[AGRUP. CLAS. PROF.]:[AGRUP. CLAS. PROF.]]=$B18,IF(DATOS_[[Check Periodo Ref.]:[Check Periodo Ref.]]="Dentro",DATOS_[Conc.Sal.29]))))), 0)} -> 0 | AI19: {=IFERROR( AVERAGE((IF(DATOS_[[Sexo]:[Sexo]]=$B19,IF(DATOS_[[AGRUP. CLAS. PROF.]:[AGRUP. CLAS. PROF.]]=$B18,IF(DATOS_[[Check Periodo Ref.]:[Check Periodo Ref.]]="Dentro",DATOS_[Conc.Sal.30]))))), 0)} -> 0 | AJ19: {=IFERROR( AVERAGE(IF(DATOS_[Sexo]=$B19,IF(DATOS_[AGRUP. CLAS. PROF.]=$B18,IF(DATOS_[Check Periodo Ref.]="Dentro",DATOS_[Tot COMPL.SAL Ef],0)))), 0)} -> 0 | AK19: {=IFERROR( AVERAGE(IF(DATOS_[Sexo]=$B19,IF(DATOS_[AGRUP. CLAS. PROF.]=$B18,IF(DATOS_[Check Periodo Ref.]="Dentro",DATOS_[TOTAL SALARIO Ef],0)))), 0)} -> 0 | AL19: {=IFERROR( AVERAGE((IF(DATOS_[[Sexo]:[Sexo]]=$B19,IF(DATOS_[[AGRUP. CLAS. PROF.]:[AGRUP. CLAS. PROF.]]=$B18,IF(DATOS_[[Check Periodo Ref.]:[Check Periodo Ref.]]="Dentro",DATOS_[C.Extra.01]))))), 0)} -> 0 | AM19: {=IFERROR( AVERAGE((IF(DATOS_[[Sexo]:[Sexo]]=$B19,IF(DATOS_[[AGRUP. CLAS. PROF.]:[AGRUP. CLAS. PROF.]]=$B18,IF(DATOS_[[Check Periodo Ref.]:[Check Periodo Ref.]]="Dentro",DATOS_[C.Extra.02]))))), 0)} -> 0 | AN19: {=IFERROR( AVERAGE((IF(DATOS_[[Sexo]:[Sexo]]=$B19,IF(DATOS_[[AGRUP. CLAS. PROF.]:[AGRUP. CLAS. PROF.]]=$B18,IF(DATOS_[[Check Periodo Ref.]:[Check Periodo Ref.]]="Dentro",DATOS_[C.Extra.03]))))), 0)} -> 0 | AO19: {=IFERROR( AVERAGE((IF(DATOS_[[Sexo]:[Sexo]]=$B19,IF(DATOS_[[AGRUP. CLAS. PROF.]:[AGRUP. CLAS. PROF.]]=$B18,IF(DATOS_[[Check Periodo Ref.]:[Check Periodo Ref.]]="Dentro",DATOS_[C.Extra.04]))))), 0)} -> 0 | AP19: {=IFERROR( AVERAGE((IF(DATOS_[[Sexo]:[Sexo]]=$B19,IF(DATOS_[[AGRUP. CLAS. PROF.]:[AGRUP. CLAS. PROF.]]=$B18,IF(DATOS_[[Check Periodo Ref.]:[Check Periodo Ref.]]="Dentro",DATOS_[C.Extra.05]))))), 0)} -> 0 | AQ19: {=IFERROR( AVERAGE(IF(DATOS_[Sexo]=$B19,IF(DATOS_[AGRUP. CLAS. PROF.]=$B18,IF(DATOS_[Check Periodo Ref.]="Dentro",DATOS_[Tot Extrasalarial Ef],0)))), 0)} -> 0 | AR19: {=IFERROR( AVERAGE(IF(DATOS_[Sexo]=$B19,IF(DATOS_[AGRUP. CLAS. PROF.]=$B18,IF(DATOS_[Check Periodo Ref.]="Dentro",DATOS_[TOTAL Retrib Ef],0)))), 0)} -> 0
A20: =+A19 -> [ocultar] | B20: Mujer | C20: {=SUM(IF($B20=DATOS_[Sexo], IF($B18=DATOS_[AGRUP. CLAS. PROF.], IF("Dentro"=DATOS_[Check Periodo Ref.], 1/(COUNTIFS(DATOS_[Sexo],$B20,DATOS_[AGRUP. CLAS. PROF.],$B18,DATOS_[Check Periodo Ref.],"Dentro",DATOS_[id],DATOS_[id]))))))} -> 0 | D20: =COUNTIFS(DATOS_[AGRUP. CLAS. PROF.],$B18,DATOS_[Sexo],$B20,DATOS_[Check Periodo Ref.],"Dentro") -> 0 | E20: {=IFERROR( AVERAGE(IF(DATOS_[Sexo]=$B20,IF(DATOS_[AGRUP. CLAS. PROF.]=$B18,IF(DATOS_[Check Periodo Ref.]="Dentro",DATOS_[SALARIO BASE Ef],0)))), 0)} -> 0 | F20: {=IFERROR( AVERAGE((IF(DATOS_[[Sexo]:[Sexo]]=$B20,IF(DATOS_[[AGRUP. CLAS. PROF.]:[AGRUP. CLAS. PROF.]]=$B18,IF(DATOS_[[Check Periodo Ref.]:[Check Periodo Ref.]]="Dentro",DATOS_[Conc.Sal.01]))))), 0)} -> 0 | G20: {=IFERROR( AVERAGE((IF(DATOS_[[Sexo]:[Sexo]]=$B20,IF(DATOS_[[AGRUP. CLAS. PROF.]:[AGRUP. CLAS. PROF.]]=$B18,IF(DATOS_[[Check Periodo Ref.]:[Check Periodo Ref.]]="Dentro",DATOS_[Conc.Sal.02]))))), 0)} -> 0 | H20: {=IFERROR( AVERAGE((IF(DATOS_[[Sexo]:[Sexo]]=$B20,IF(DATOS_[[AGRUP. CLAS. PROF.]:[AGRUP. CLAS. PROF.]]=$B18,IF(DATOS_[[Check Periodo Ref.]:[Check Periodo Ref.]]="Dentro",DATOS_[Conc.Sal.03]))))), 0)} -> 0 | I20: {=IFERROR( AVERAGE((IF(DATOS_[[Sexo]:[Sexo]]=$B20,IF(DATOS_[[AGRUP. CLAS. PROF.]:[AGRUP. CLAS. PROF.]]=$B18,IF(DATOS_[[Check Periodo Ref.]:[Check Periodo Ref.]]="Dentro",DATOS_[Conc.Sal.04]))))), 0)} -> 0 | J20: {=IFERROR( AVERAGE((IF(DATOS_[[Sexo]:[Sexo]]=$B20,IF(DATOS_[[AGRUP. CLAS. PROF.]:[AGRUP. CLAS. PROF.]]=$B18,IF(DATOS_[[Check Periodo Ref.]:[Check Periodo Ref.]]="Dentro",DATOS_[Conc.Sal.05]))))), 0)} -> 0 | K20: {=IFERROR( AVERAGE((IF(DATOS_[[Sexo]:[Sexo]]=$B20,IF(DATOS_[[AGRUP. CLAS. PROF.]:[AGRUP. CLAS. PROF.]]=$B18,IF(DATOS_[[Check Periodo Ref.]:[Check Periodo Ref.]]="Dentro",DATOS_[Conc.Sal.06]))))), 0)} -> 0 | L20: {=IFERROR( AVERAGE((IF(DATOS_[[Sexo]:[Sexo]]=$B20,IF(DATOS_[[AGRUP. CLAS. PROF.]:[AGRUP. CLAS. PROF.]]=$B18,IF(DATOS_[[Check Periodo Ref.]:[Check Periodo Ref.]]="Dentro",DATOS_[Conc.Sal.07]))))), 0)} -> 0 | M20: {=IFERROR( AVERAGE((IF(DATOS_[[Sexo]:[Sexo]]=$B20,IF(DATOS_[[AGRUP. CLAS. PROF.]:[AGRUP. CLAS. PROF.]]=$B18,IF(DATOS_[[Check Periodo Ref.]:[Check Periodo Ref.]]="Dentro",DATOS_[Conc.Sal.08]))))), 0)} -> 0 | N20: {=IFERROR( AVERAGE((IF(DATOS_[[Sexo]:[Sexo]]=$B20,IF(DATOS_[[AGRUP. CLAS. PROF.]:[AGRUP. CLAS. PROF.]]=$B18,IF(DATOS_[[Check Periodo Ref.]:[Check Periodo Ref.]]="Dentro",DATOS_[Conc.Sal.09]))))), 0)} -> 0 | O20: {=IFERROR( AVERAGE((IF(DATOS_[[Sexo]:[Sexo]]=$B20,IF(DATOS_[[AGRUP. CLAS. PROF.]:[AGRUP. CLAS. PROF.]]=$B18,IF(DATOS_[[Check Periodo Ref.]:[Check Periodo Ref.]]="Dentro",DATOS_[Conc.Sal.10]))))), 0)} -> 0 | P20: {=IFERROR( AVERAGE((IF(DATOS_[[Sexo]:[Sexo]]=$B20,IF(DATOS_[[AGRUP. CLAS. PROF.]:[AGRUP. CLAS. PROF.]]=$B18,IF(DATOS_[[Check Periodo Ref.]:[Check Periodo Ref.]]="Dentro",DATOS_[Conc.Sal.11]))))), 0)} -> 0 | Q20: {=IFERROR( AVERAGE((IF(DATOS_[[Sexo]:[Sexo]]=$B20,IF(DATOS_[[AGRUP. CLAS. PROF.]:[AGRUP. CLAS. PROF.]]=$B18,IF(DATOS_[[Check Periodo Ref.]:[Check Periodo Ref.]]="Dentro",DATOS_[Conc.Sal.12]))))), 0)} -> 0 | R20: {=IFERROR( AVERAGE((IF(DATOS_[[Sexo]:[Sexo]]=$B20,IF(DATOS_[[AGRUP. CLAS. PROF.]:[AGRUP. CLAS. PROF.]]=$B18,IF(DATOS_[[Check Periodo Ref.]:[Check Periodo Ref.]]="Dentro",DATOS_[Conc.Sal.13]))))), 0)} -> 0 | S20: {=IFERROR( AVERAGE((IF(DATOS_[[Sexo]:[Sexo]]=$B20,IF(DATOS_[[AGRUP. CLAS. PROF.]:[AGRUP. CLAS. PROF.]]=$B18,IF(DATOS_[[Check Periodo Ref.]:[Check Periodo Ref.]]="Dentro",DATOS_[Conc.Sal.14]))))), 0)} -> 0 | T20: {=IFERROR( AVERAGE((IF(DATOS_[[Sexo]:[Sexo]]=$B20,IF(DATOS_[[AGRUP. CLAS. PROF.]:[AGRUP. CLAS. PROF.]]=$B18,IF(DATOS_[[Check Periodo Ref.]:[Check Periodo Ref.]]="Dentro",DATOS_[Conc.Sal.15]))))), 0)} -> 0 | U20: {=IFERROR( AVERAGE((IF(DATOS_[[Sexo]:[Sexo]]=$B20,IF(DATOS_[[AGRUP. CLAS. PROF.]:[AGRUP. CLAS. PROF.]]=$B18,IF(DATOS_[[Check Periodo Ref.]:[Check Periodo Ref.]]="Dentro",DATOS_[Conc.Sal.16]))))), 0)} -> 0 | V20: {=IFERROR( AVERAGE((IF(DATOS_[[Sexo]:[Sexo]]=$B20,IF(DATOS_[[AGRUP. CLAS. PROF.]:[AGRUP. CLAS. PROF.]]=$B18,IF(DATOS_[[Check Periodo Ref.]:[Check Periodo Ref.]]="Dentro",DATOS_[Conc.Sal.17]))))), 0)} -> 0 | W20: {=IFERROR( AVERAGE((IF(DATOS_[[Sexo]:[Sexo]]=$B20,IF(DATOS_[[AGRUP. CLAS. PROF.]:[AGRUP. CLAS. PROF.]]=$B18,IF(DATOS_[[Check Periodo Ref.]:[Check Periodo Ref.]]="Dentro",DATOS_[Conc.Sal.18]))))), 0)} -> 0 | X20: {=IFERROR( AVERAGE((IF(DATOS_[[Sexo]:[Sexo]]=$B20,IF(DATOS_[[AGRUP. CLAS. PROF.]:[AGRUP. CLAS. PROF.]]=$B18,IF(DATOS_[[Check Periodo Ref.]:[Check Periodo Ref.]]="Dentro",DATOS_[Conc.Sal.19]))))), 0)} -> 0 | Y20: {=IFERROR( AVERAGE((IF(DATOS_[[Sexo]:[Sexo]]=$B20,IF(DATOS_[[AGRUP. CLAS. PROF.]:[AGRUP. CLAS. PROF.]]=$B18,IF(DATOS_[[Check Periodo Ref.]:[Check Periodo Ref.]]="Dentro",DATOS_[Conc.Sal.20]))))), 0)} -> 0 | Z20: {=IFERROR( AVERAGE((IF(DATOS_[[Sexo]:[Sexo]]=$B20,IF(DATOS_[[AGRUP. CLAS. PROF.]:[AGRUP. CLAS. PROF.]]=$B18,IF(DATOS_[[Check Periodo Ref.]:[Check Periodo Ref.]]="Dentro",DATOS_[Conc.Sal.21]))))), 0)} -> 0 | AA20: {=IFERROR( AVERAGE((IF(DATOS_[[Sexo]:[Sexo]]=$B20,IF(DATOS_[[AGRUP. CLAS. PROF.]:[AGRUP. CLAS. PROF.]]=$B18,IF(DATOS_[[Check Periodo Ref.]:[Check Periodo Ref.]]="Dentro",DATOS_[Conc.Sal.22]))))), 0)} -> 0 | AB20: {=IFERROR( AVERAGE((IF(DATOS_[[Sexo]:[Sexo]]=$B20,IF(DATOS_[[AGRUP. CLAS. PROF.]:[AGRUP. CLAS. PROF.]]=$B18,IF(DATOS_[[Check Periodo Ref.]:[Check Periodo Ref.]]="Dentro",DATOS_[Conc.Sal.23]))))), 0)} -> 0 | AC20: {=IFERROR( AVERAGE((IF(DATOS_[[Sexo]:[Sexo]]=$B20,IF(DATOS_[[AGRUP. CLAS. PROF.]:[AGRUP. CLAS. PROF.]]=$B18,IF(DATOS_[[Check Periodo Ref.]:[Check Periodo Ref.]]="Dentro",DATOS_[Conc.Sal.24]))))), 0)} -> 0 | AD20: {=IFERROR( AVERAGE((IF(DATOS_[[Sexo]:[Sexo]]=$B20,IF(DATOS_[[AGRUP. CLAS. PROF.]:[AGRUP. CLAS. PROF.]]=$B18,IF(DATOS_[[Check Periodo Ref.]:[Check Periodo Ref.]]="Dentro",DATOS_[Conc.Sal.25]))))), 0)} -> 0 | AE20: {=IFERROR( AVERAGE((IF(DATOS_[[Sexo]:[Sexo]]=$B20,IF(DATOS_[[AGRUP. CLAS. PROF.]:[AGRUP. CLAS. PROF.]]=$B18,IF(DATOS_[[Check Periodo Ref.]:[Check Periodo Ref.]]="Dentro",DATOS_[Conc.Sal.26]))))), 0)} -> 0 | AF20: {=IFERROR( AVERAGE((IF(DATOS_[[Sexo]:[Sexo]]=$B20,IF(DATOS_[[AGRUP. CLAS. PROF.]:[AGRUP. CLAS. PROF.]]=$B18,IF(DATOS_[[Check Periodo Ref.]:[Check Periodo Ref.]]="Dentro",DATOS_[Conc.Sal.27]))))), 0)} -> 0 | AG20: {=IFERROR( AVERAGE((IF(DATOS_[[Sexo]:[Sexo]]=$B20,IF(DATOS_[[AGRUP. CLAS. PROF.]:[AGRUP. CLAS. PROF.]]=$B18,IF(DATOS_[[Check Periodo Ref.]:[Check Periodo Ref.]]="Dentro",DATOS_[Conc.Sal.28]))))), 0)} -> 0 | AH20: {=IFERROR( AVERAGE((IF(DATOS_[[Sexo]:[Sexo]]=$B20,IF(DATOS_[[AGRUP. CLAS. PROF.]:[AGRUP. CLAS. PROF.]]=$B18,IF(DATOS_[[Check Periodo Ref.]:[Check Periodo Ref.]]="Dentro",DATOS_[Conc.Sal.29]))))), 0)} -> 0 | AI20: {=IFERROR( AVERAGE((IF(DATOS_[[Sexo]:[Sexo]]=$B20,IF(DATOS_[[AGRUP. CLAS. PROF.]:[AGRUP. CLAS. PROF.]]=$B18,IF(DATOS_[[Check Periodo Ref.]:[Check Periodo Ref.]]="Dentro",DATOS_[Conc.Sal.30]))))), 0)} -> 0 | AJ20: {=IFERROR( AVERAGE(IF(DATOS_[Sexo]=$B20,IF(DATOS_[AGRUP. CLAS. PROF.]=$B18,IF(DATOS_[Check Periodo Ref.]="Dentro",DATOS_[Tot COMPL.SAL Ef],0)))), 0)} -> 0 | AK20: {=IFERROR( AVERAGE(IF(DATOS_[Sexo]=$B20,IF(DATOS_[AGRUP. CLAS. PROF.]=$B18,IF(DATOS_[Check Periodo Ref.]="Dentro",DATOS_[TOTAL SALARIO Ef],0)))), 0)} -> 0 | AL20: {=IFERROR( AVERAGE((IF(DATOS_[[Sexo]:[Sexo]]=$B20,IF(DATOS_[[AGRUP. CLAS. PROF.]:[AGRUP. CLAS. PROF.]]=$B18,IF(DATOS_[[Check Periodo Ref.]:[Check Periodo Ref.]]="Dentro",DATOS_[C.Extra.01]))))), 0)} -> 0 | AM20: {=IFERROR( AVERAGE((IF(DATOS_[[Sexo]:[Sexo]]=$B20,IF(DATOS_[[AGRUP. CLAS. PROF.]:[AGRUP. CLAS. PROF.]]=$B18,IF(DATOS_[[Check Periodo Ref.]:[Check Periodo Ref.]]="Dentro",DATOS_[C.Extra.02]))))), 0)} -> 0 | AN20: {=IFERROR( AVERAGE((IF(DATOS_[[Sexo]:[Sexo]]=$B20,IF(DATOS_[[AGRUP. CLAS. PROF.]:[AGRUP. CLAS. PROF.]]=$B18,IF(DATOS_[[Check Periodo Ref.]:[Check Periodo Ref.]]="Dentro",DATOS_[C.Extra.03]))))), 0)} -> 0 | AO20: {=IFERROR( AVERAGE((IF(DATOS_[[Sexo]:[Sexo]]=$B20,IF(DATOS_[[AGRUP. CLAS. PROF.]:[AGRUP. CLAS. PROF.]]=$B18,IF(DATOS_[[Check Periodo Ref.]:[Check Periodo Ref.]]="Dentro",DATOS_[C.Extra.04]))))), 0)} -> 0 | AP20: {=IFERROR( AVERAGE((IF(DATOS_[[Sexo]:[Sexo]]=$B20,IF(DATOS_[[AGRUP. CLAS. PROF.]:[AGRUP. CLAS. PROF.]]=$B18,IF(DATOS_[[Check Periodo Ref.]:[Check Periodo Ref.]]="Dentro",DATOS_[C.Extra.05]))))), 0)} -> 0 | AQ20: {=IFERROR( AVERAGE(IF(DATOS_[Sexo]=$B20,IF(DATOS_[AGRUP. CLAS. PROF.]=$B18,IF(DATOS_[Check Periodo Ref.]="Dentro",DATOS_[Tot Extrasalarial Ef],0)))), 0)} -> 0 | AR20: {=IFERROR( AVERAGE(IF(DATOS_[Sexo]=$B20,IF(DATOS_[AGRUP. CLAS. PROF.]=$B18,IF(DATOS_[Check Periodo Ref.]="Dentro",DATOS_[TOTAL Retrib Ef],0)))), 0)} -> 0
A21: =+A22 -> [ocultar] | B21: GRUPO 03 | E21: =IFERROR((E22-E23)/E22,"") | F21: =IFERROR((F22-F23)/F22,"") | G21: =IFERROR((G22-G23)/G22,"") | H21: =IFERROR((H22-H23)/H22,"") | I21: =IFERROR((I22-I23)/I22,"") | J21: =IFERROR((J22-J23)/J22,"") | K21: =IFERROR((K22-K23)/K22,"") | L21: =IFERROR((L22-L23)/L22,"") | ... AR21: =IFERROR((AR22-AR23)/AR22,"")
A22: =+IF(C22+C23=0,"[ocultar]","") -> [ocultar] | B22: Hombre | C22: {=SUM(IF($B22=DATOS_[Sexo], IF($B21=DATOS_[AGRUP. CLAS. PROF.], IF("Dentro"=DATOS_[Check Periodo Ref.], 1/(COUNTIFS(DATOS_[Sexo],$B22,DATOS_[AGRUP. CLAS. PROF.],$B21,DATOS_[Check Periodo Ref.],"Dentro",DATOS_[id],DATOS_[id]))))))} -> 0 | D22: =COUNTIFS(DATOS_[AGRUP. CLAS. PROF.],$B21,DATOS_[Sexo],$B22,DATOS_[Check Periodo Ref.],"Dentro") -> 0 | E22: {=IFERROR( AVERAGE(IF(DATOS_[Sexo]=$B22,IF(DATOS_[AGRUP. CLAS. PROF.]=$B21,IF(DATOS_[Check Periodo Ref.]="Dentro",DATOS_[SALARIO BASE Ef],0)))), 0)} -> 0 | F22: {=IFERROR( AVERAGE((IF(DATOS_[[Sexo]:[Sexo]]=$B22,IF(DATOS_[[AGRUP. CLAS. PROF.]:[AGRUP. CLAS. PROF.]]=$B21,IF(DATOS_[[Check Periodo Ref.]:[Check Periodo Ref.]]="Dentro",DATOS_[Conc.Sal.01]))))), 0)} -> 0 | G22: {=IFERROR( AVERAGE((IF(DATOS_[[Sexo]:[Sexo]]=$B22,IF(DATOS_[[AGRUP. CLAS. PROF.]:[AGRUP. CLAS. PROF.]]=$B21,IF(DATOS_[[Check Periodo Ref.]:[Check Periodo Ref.]]="Dentro",DATOS_[Conc.Sal.02]))))), 0)} -> 0 | H22: {=IFERROR( AVERAGE((IF(DATOS_[[Sexo]:[Sexo]]=$B22,IF(DATOS_[[AGRUP. CLAS. PROF.]:[AGRUP. CLAS. PROF.]]=$B21,IF(DATOS_[[Check Periodo Ref.]:[Check Periodo Ref.]]="Dentro",DATOS_[Conc.Sal.03]))))), 0)} -> 0 | I22: {=IFERROR( AVERAGE((IF(DATOS_[[Sexo]:[Sexo]]=$B22,IF(DATOS_[[AGRUP. CLAS. PROF.]:[AGRUP. CLAS. PROF.]]=$B21,IF(DATOS_[[Check Periodo Ref.]:[Check Periodo Ref.]]="Dentro",DATOS_[Conc.Sal.04]))))), 0)} -> 0 | J22: {=IFERROR( AVERAGE((IF(DATOS_[[Sexo]:[Sexo]]=$B22,IF(DATOS_[[AGRUP. CLAS. PROF.]:[AGRUP. CLAS. PROF.]]=$B21,IF(DATOS_[[Check Periodo Ref.]:[Check Periodo Ref.]]="Dentro",DATOS_[Conc.Sal.05]))))), 0)} -> 0 | K22: {=IFERROR( AVERAGE((IF(DATOS_[[Sexo]:[Sexo]]=$B22,IF(DATOS_[[AGRUP. CLAS. PROF.]:[AGRUP. CLAS. PROF.]]=$B21,IF(DATOS_[[Check Periodo Ref.]:[Check Periodo Ref.]]="Dentro",DATOS_[Conc.Sal.06]))))), 0)} -> 0 | L22: {=IFERROR( AVERAGE((IF(DATOS_[[Sexo]:[Sexo]]=$B22,IF(DATOS_[[AGRUP. CLAS. PROF.]:[AGRUP. CLAS. PROF.]]=$B21,IF(DATOS_[[Check Periodo Ref.]:[Check Periodo Ref.]]="Dentro",DATOS_[Conc.Sal.07]))))), 0)} -> 0 | M22: {=IFERROR( AVERAGE((IF(DATOS_[[Sexo]:[Sexo]]=$B22,IF(DATOS_[[AGRUP. CLAS. PROF.]:[AGRUP. CLAS. PROF.]]=$B21,IF(DATOS_[[Check Periodo Ref.]:[Check Periodo Ref.]]="Dentro",DATOS_[Conc.Sal.08]))))), 0)} -> 0 | N22: {=IFERROR( AVERAGE((IF(DATOS_[[Sexo]:[Sexo]]=$B22,IF(DATOS_[[AGRUP. CLAS. PROF.]:[AGRUP. CLAS. PROF.]]=$B21,IF(DATOS_[[Check Periodo Ref.]:[Check Periodo Ref.]]="Dentro",DATOS_[Conc.Sal.09]))))), 0)} -> 0 | O22: {=IFERROR( AVERAGE((IF(DATOS_[[Sexo]:[Sexo]]=$B22,IF(DATOS_[[AGRUP. CLAS. PROF.]:[AGRUP. CLAS. PROF.]]=$B21,IF(DATOS_[[Check Periodo Ref.]:[Check Periodo Ref.]]="Dentro",DATOS_[Conc.Sal.10]))))), 0)} -> 0 | P22: {=IFERROR( AVERAGE((IF(DATOS_[[Sexo]:[Sexo]]=$B22,IF(DATOS_[[AGRUP. CLAS. PROF.]:[AGRUP. CLAS. PROF.]]=$B21,IF(DATOS_[[Check Periodo Ref.]:[Check Periodo Ref.]]="Dentro",DATOS_[Conc.Sal.11]))))), 0)} -> 0 | Q22: {=IFERROR( AVERAGE((IF(DATOS_[[Sexo]:[Sexo]]=$B22,IF(DATOS_[[AGRUP. CLAS. PROF.]:[AGRUP. CLAS. PROF.]]=$B21,IF(DATOS_[[Check Periodo Ref.]:[Check Periodo Ref.]]="Dentro",DATOS_[Conc.Sal.12]))))), 0)} -> 0 | R22: {=IFERROR( AVERAGE((IF(DATOS_[[Sexo]:[Sexo]]=$B22,IF(DATOS_[[AGRUP. CLAS. PROF.]:[AGRUP. CLAS. PROF.]]=$B21,IF(DATOS_[[Check Periodo Ref.]:[Check Periodo Ref.]]="Dentro",DATOS_[Conc.Sal.13]))))), 0)} -> 0 | S22: {=IFERROR( AVERAGE((IF(DATOS_[[Sexo]:[Sexo]]=$B22,IF(DATOS_[[AGRUP. CLAS. PROF.]:[AGRUP. CLAS. PROF.]]=$B21,IF(DATOS_[[Check Periodo Ref.]:[Check Periodo Ref.]]="Dentro",DATOS_[Conc.Sal.14]))))), 0)} -> 0 | T22: {=IFERROR( AVERAGE((IF(DATOS_[[Sexo]:[Sexo]]=$B22,IF(DATOS_[[AGRUP. CLAS. PROF.]:[AGRUP. CLAS. PROF.]]=$B21,IF(DATOS_[[Check Periodo Ref.]:[Check Periodo Ref.]]="Dentro",DATOS_[Conc.Sal.15]))))), 0)} -> 0 | U22: {=IFERROR( AVERAGE((IF(DATOS_[[Sexo]:[Sexo]]=$B22,IF(DATOS_[[AGRUP. CLAS. PROF.]:[AGRUP. CLAS. PROF.]]=$B21,IF(DATOS_[[Check Periodo Ref.]:[Check Periodo Ref.]]="Dentro",DATOS_[Conc.Sal.16]))))), 0)} -> 0 | V22: {=IFERROR( AVERAGE((IF(DATOS_[[Sexo]:[Sexo]]=$B22,IF(DATOS_[[AGRUP. CLAS. PROF.]:[AGRUP. CLAS. PROF.]]=$B21,IF(DATOS_[[Check Periodo Ref.]:[Check Periodo Ref.]]="Dentro",DATOS_[Conc.Sal.17]))))), 0)} -> 0 | W22: {=IFERROR( AVERAGE((IF(DATOS_[[Sexo]:[Sexo]]=$B22,IF(DATOS_[[AGRUP. CLAS. PROF.]:[AGRUP. CLAS. PROF.]]=$B21,IF(DATOS_[[Check Periodo Ref.]:[Check Periodo Ref.]]="Dentro",DATOS_[Conc.Sal.18]))))), 0)} -> 0 | X22: {=IFERROR( AVERAGE((IF(DATOS_[[Sexo]:[Sexo]]=$B22,IF(DATOS_[[AGRUP. CLAS. PROF.]:[AGRUP. CLAS. PROF.]]=$B21,IF(DATOS_[[Check Periodo Ref.]:[Check Periodo Ref.]]="Dentro",DATOS_[Conc.Sal.19]))))), 0)} -> 0 | Y22: {=IFERROR( AVERAGE((IF(DATOS_[[Sexo]:[Sexo]]=$B22,IF(DATOS_[[AGRUP. CLAS. PROF.]:[AGRUP. CLAS. PROF.]]=$B21,IF(DATOS_[[Check Periodo Ref.]:[Check Periodo Ref.]]="Dentro",DATOS_[Conc.Sal.20]))))), 0)} -> 0 | Z22: {=IFERROR( AVERAGE((IF(DATOS_[[Sexo]:[Sexo]]=$B22,IF(DATOS_[[AGRUP. CLAS. PROF.]:[AGRUP. CLAS. PROF.]]=$B21,IF(DATOS_[[Check Periodo Ref.]:[Check Periodo Ref.]]="Dentro",DATOS_[Conc.Sal.21]))))), 0)} -> 0 | AA22: {=IFERROR( AVERAGE((IF(DATOS_[[Sexo]:[Sexo]]=$B22,IF(DATOS_[[AGRUP. CLAS. PROF.]:[AGRUP. CLAS. PROF.]]=$B21,IF(DATOS_[[Check Periodo Ref.]:[Check Periodo Ref.]]="Dentro",DATOS_[Conc.Sal.22]))))), 0)} -> 0 | AB22: {=IFERROR( AVERAGE((IF(DATOS_[[Sexo]:[Sexo]]=$B22,IF(DATOS_[[AGRUP. CLAS. PROF.]:[AGRUP. CLAS. PROF.]]=$B21,IF(DATOS_[[Check Periodo Ref.]:[Check Periodo Ref.]]="Dentro",DATOS_[Conc.Sal.23]))))), 0)} -> 0 | AC22: {=IFERROR( AVERAGE((IF(DATOS_[[Sexo]:[Sexo]]=$B22,IF(DATOS_[[AGRUP. CLAS. PROF.]:[AGRUP. CLAS. PROF.]]=$B21,IF(DATOS_[[Check Periodo Ref.]:[Check Periodo Ref.]]="Dentro",DATOS_[Conc.Sal.24]))))), 0)} -> 0 | AD22: {=IFERROR( AVERAGE((IF(DATOS_[[Sexo]:[Sexo]]=$B22,IF(DATOS_[[AGRUP. CLAS. PROF.]:[AGRUP. CLAS. PROF.]]=$B21,IF(DATOS_[[Check Periodo Ref.]:[Check Periodo Ref.]]="Dentro",DATOS_[Conc.Sal.25]))))), 0)} -> 0 | AE22: {=IFERROR( AVERAGE((IF(DATOS_[[Sexo]:[Sexo]]=$B22,IF(DATOS_[[AGRUP. CLAS. PROF.]:[AGRUP. CLAS. PROF.]]=$B21,IF(DATOS_[[Check Periodo Ref.]:[Check Periodo Ref.]]="Dentro",DATOS_[Conc.Sal.26]))))), 0)} -> 0 | AF22: {=IFERROR( AVERAGE((IF(DATOS_[[Sexo]:[Sexo]]=$B22,IF(DATOS_[[AGRUP. CLAS. PROF.]:[AGRUP. CLAS. PROF.]]=$B21,IF(DATOS_[[Check Periodo Ref.]:[Check Periodo Ref.]]="Dentro",DATOS_[Conc.Sal.27]))))), 0)} -> 0 | AG22: {=IFERROR( AVERAGE((IF(DATOS_[[Sexo]:[Sexo]]=$B22,IF(DATOS_[[AGRUP. CLAS. PROF.]:[AGRUP. CLAS. PROF.]]=$B21,IF(DATOS_[[Check Periodo Ref.]:[Check Periodo Ref.]]="Dentro",DATOS_[Conc.Sal.28]))))), 0)} -> 0 | AH22: {=IFERROR( AVERAGE((IF(DATOS_[[Sexo]:[Sexo]]=$B22,IF(DATOS_[[AGRUP. CLAS. PROF.]:[AGRUP. CLAS. PROF.]]=$B21,IF(DATOS_[[Check Periodo Ref.]:[Check Periodo Ref.]]="Dentro",DATOS_[Conc.Sal.29]))))), 0)} -> 0 | AI22: {=IFERROR( AVERAGE((IF(DATOS_[[Sexo]:[Sexo]]=$B22,IF(DATOS_[[AGRUP. CLAS. PROF.]:[AGRUP. CLAS. PROF.]]=$B21,IF(DATOS_[[Check Periodo Ref.]:[Check Periodo Ref.]]="Dentro",DATOS_[Conc.Sal.30]))))), 0)} -> 0 | AJ22: {=IFERROR( AVERAGE(IF(DATOS_[Sexo]=$B22,IF(DATOS_[AGRUP. CLAS. PROF.]=$B21,IF(DATOS_[Check Periodo Ref.]="Dentro",DATOS_[Tot COMPL.SAL Ef],0)))), 0)} -> 0 | AK22: {=IFERROR( AVERAGE(IF(DATOS_[Sexo]=$B22,IF(DATOS_[AGRUP. CLAS. PROF.]=$B21,IF(DATOS_[Check Periodo Ref.]="Dentro",DATOS_[TOTAL SALARIO Ef],0)))), 0)} -> 0 | AL22: {=IFERROR( AVERAGE((IF(DATOS_[[Sexo]:[Sexo]]=$B22,IF(DATOS_[[AGRUP. CLAS. PROF.]:[AGRUP. CLAS. PROF.]]=$B21,IF(DATOS_[[Check Periodo Ref.]:[Check Periodo Ref.]]="Dentro",DATOS_[C.Extra.01]))))), 0)} -> 0 | AM22: {=IFERROR( AVERAGE((IF(DATOS_[[Sexo]:[Sexo]]=$B22,IF(DATOS_[[AGRUP. CLAS. PROF.]:[AGRUP. CLAS. PROF.]]=$B21,IF(DATOS_[[Check Periodo Ref.]:[Check Periodo Ref.]]="Dentro",DATOS_[C.Extra.02]))))), 0)} -> 0 | AN22: {=IFERROR( AVERAGE((IF(DATOS_[[Sexo]:[Sexo]]=$B22,IF(DATOS_[[AGRUP. CLAS. PROF.]:[AGRUP. CLAS. PROF.]]=$B21,IF(DATOS_[[Check Periodo Ref.]:[Check Periodo Ref.]]="Dentro",DATOS_[C.Extra.03]))))), 0)} -> 0 | AO22: {=IFERROR( AVERAGE((IF(DATOS_[[Sexo]:[Sexo]]=$B22,IF(DATOS_[[AGRUP. CLAS. PROF.]:[AGRUP. CLAS. PROF.]]=$B21,IF(DATOS_[[Check Periodo Ref.]:[Check Periodo Ref.]]="Dentro",DATOS_[C.Extra.04]))))), 0)} -> 0 | AP22: {=IFERROR( AVERAGE((IF(DATOS_[[Sexo]:[Sexo]]=$B22,IF(DATOS_[[AGRUP. CLAS. PROF.]:[AGRUP. CLAS. PROF.]]=$B21,IF(DATOS_[[Check Periodo Ref.]:[Check Periodo Ref.]]="Dentro",DATOS_[C.Extra.05]))))), 0)} -> 0 | AQ22: {=IFERROR( AVERAGE(IF(DATOS_[Sexo]=$B22,IF(DATOS_[AGRUP. CLAS. PROF.]=$B21,IF(DATOS_[Check Periodo Ref.]="Dentro",DATOS_[Tot Extrasalarial Ef],0)))), 0)} -> 0 | AR22: {=IFERROR( AVERAGE(IF(DATOS_[Sexo]=$B22,IF(DATOS_[AGRUP. CLAS. PROF.]=$B21,IF(DATOS_[Check Periodo Ref.]="Dentro",DATOS_[TOTAL Retrib Ef],0)))), 0)} -> 0
A23: =+A22 -> [ocultar] | B23: Mujer | C23: {=SUM(IF($B23=DATOS_[Sexo], IF($B21=DATOS_[AGRUP. CLAS. PROF.], IF("Dentro"=DATOS_[Check Periodo Ref.], 1/(COUNTIFS(DATOS_[Sexo],$B23,DATOS_[AGRUP. CLAS. PROF.],$B21,DATOS_[Check Periodo Ref.],"Dentro",DATOS_[id],DATOS_[id]))))))} -> 0 | D23: =COUNTIFS(DATOS_[AGRUP. CLAS. PROF.],$B21,DATOS_[Sexo],$B23,DATOS_[Check Periodo Ref.],"Dentro") -> 0 | E23: {=IFERROR( AVERAGE(IF(DATOS_[Sexo]=$B23,IF(DATOS_[AGRUP. CLAS. PROF.]=$B21,IF(DATOS_[Check Periodo Ref.]="Dentro",DATOS_[SALARIO BASE Ef],0)))), 0)} -> 0 | F23: {=IFERROR( AVERAGE((IF(DATOS_[[Sexo]:[Sexo]]=$B23,IF(DATOS_[[AGRUP. CLAS. PROF.]:[AGRUP. CLAS. PROF.]]=$B21,IF(DATOS_[[Check Periodo Ref.]:[Check Periodo Ref.]]="Dentro",DATOS_[Conc.Sal.01]))))), 0)} -> 0 | G23: {=IFERROR( AVERAGE((IF(DATOS_[[Sexo]:[Sexo]]=$B23,IF(DATOS_[[AGRUP. CLAS. PROF.]:[AGRUP. CLAS. PROF.]]=$B21,IF(DATOS_[[Check Periodo Ref.]:[Check Periodo Ref.]]="Dentro",DATOS_[Conc.Sal.02]))))), 0)} -> 0 | H23: {=IFERROR( AVERAGE((IF(DATOS_[[Sexo]:[Sexo]]=$B23,IF(DATOS_[[AGRUP. CLAS. PROF.]:[AGRUP. CLAS. PROF.]]=$B21,IF(DATOS_[[Check Periodo Ref.]:[Check Periodo Ref.]]="Dentro",DATOS_[Conc.Sal.03]))))), 0)} -> 0 | I23: {=IFERROR( AVERAGE((IF(DATOS_[[Sexo]:[Sexo]]=$B23,IF(DATOS_[[AGRUP. CLAS. PROF.]:[AGRUP. CLAS. PROF.]]=$B21,IF(DATOS_[[Check Periodo Ref.]:[Check Periodo Ref.]]="Dentro",DATOS_[Conc.Sal.04]))))), 0)} -> 0 | J23: {=IFERROR( AVERAGE((IF(DATOS_[[Sexo]:[Sexo]]=$B23,IF(DATOS_[[AGRUP. CLAS. PROF.]:[AGRUP. CLAS. PROF.]]=$B21,IF(DATOS_[[Check Periodo Ref.]:[Check Periodo Ref.]]="Dentro",DATOS_[Conc.Sal.05]))))), 0)} -> 0 | K23: {=IFERROR( AVERAGE((IF(DATOS_[[Sexo]:[Sexo]]=$B23,IF(DATOS_[[AGRUP. CLAS. PROF.]:[AGRUP. CLAS. PROF.]]=$B21,IF(DATOS_[[Check Periodo Ref.]:[Check Periodo Ref.]]="Dentro",DATOS_[Conc.Sal.06]))))), 0)} -> 0 | L23: {=IFERROR( AVERAGE((IF(DATOS_[[Sexo]:[Sexo]]=$B23,IF(DATOS_[[AGRUP. CLAS. PROF.]:[AGRUP. CLAS. PROF.]]=$B21,IF(DATOS_[[Check Periodo Ref.]:[Check Periodo Ref.]]="Dentro",DATOS_[Conc.Sal.07]))))), 0)} -> 0 | M23: {=IFERROR( AVERAGE((IF(DATOS_[[Sexo]:[Sexo]]=$B23,IF(DATOS_[[AGRUP. CLAS. PROF.]:[AGRUP. CLAS. PROF.]]=$B21,IF(DATOS_[[Check Periodo Ref.]:[Check Periodo Ref.]]="Dentro",DATOS_[Conc.Sal.08]))))), 0)} -> 0 | N23: {=IFERROR( AVERAGE((IF(DATOS_[[Sexo]:[Sexo]]=$B23,IF(DATOS_[[AGRUP. CLAS. PROF.]:[AGRUP. CLAS. PROF.]]=$B21,IF(DATOS_[[Check Periodo Ref.]:[Check Periodo Ref.]]="Dentro",DATOS_[Conc.Sal.09]))))), 0)} -> 0 | O23: {=IFERROR( AVERAGE((IF(DATOS_[[Sexo]:[Sexo]]=$B23,IF(DATOS_[[AGRUP. CLAS. PROF.]:[AGRUP. CLAS. PROF.]]=$B21,IF(DATOS_[[Check Periodo Ref.]:[Check Periodo Ref.]]="Dentro",DATOS_[Conc.Sal.10]))))), 0)} -> 0 | P23: {=IFERROR( AVERAGE((IF(DATOS_[[Sexo]:[Sexo]]=$B23,IF(DATOS_[[AGRUP. CLAS. PROF.]:[AGRUP. CLAS. PROF.]]=$B21,IF(DATOS_[[Check Periodo Ref.]:[Check Periodo Ref.]]="Dentro",DATOS_[Conc.Sal.11]))))), 0)} -> 0 | Q23: {=IFERROR( AVERAGE((IF(DATOS_[[Sexo]:[Sexo]]=$B23,IF(DATOS_[[AGRUP. CLAS. PROF.]:[AGRUP. CLAS. PROF.]]=$B21,IF(DATOS_[[Check Periodo Ref.]:[Check Periodo Ref.]]="Dentro",DATOS_[Conc.Sal.12]))))), 0)} -> 0 | R23: {=IFERROR( AVERAGE((IF(DATOS_[[Sexo]:[Sexo]]=$B23,IF(DATOS_[[AGRUP. CLAS. PROF.]:[AGRUP. CLAS. PROF.]]=$B21,IF(DATOS_[[Check Periodo Ref.]:[Check Periodo Ref.]]="Dentro",DATOS_[Conc.Sal.13]))))), 0)} -> 0 | S23: {=IFERROR( AVERAGE((IF(DATOS_[[Sexo]:[Sexo]]=$B23,IF(DATOS_[[AGRUP. CLAS. PROF.]:[AGRUP. CLAS. PROF.]]=$B21,IF(DATOS_[[Check Periodo Ref.]:[Check Periodo Ref.]]="Dentro",DATOS_[Conc.Sal.14]))))), 0)} -> 0 | T23: {=IFERROR( AVERAGE((IF(DATOS_[[Sexo]:[Sexo]]=$B23,IF(DATOS_[[AGRUP. CLAS. PROF.]:[AGRUP. CLAS. PROF.]]=$B21,IF(DATOS_[[Check Periodo Ref.]:[Check Periodo Ref.]]="Dentro",DATOS_[Conc.Sal.15]))))), 0)} -> 0 | U23: {=IFERROR( AVERAGE((IF(DATOS_[[Sexo]:[Sexo]]=$B23,IF(DATOS_[[AGRUP. CLAS. PROF.]:[AGRUP. CLAS. PROF.]]=$B21,IF(DATOS_[[Check Periodo Ref.]:[Check Periodo Ref.]]="Dentro",DATOS_[Conc.Sal.16]))))), 0)} -> 0 | V23: {=IFERROR( AVERAGE((IF(DATOS_[[Sexo]:[Sexo]]=$B23,IF(DATOS_[[AGRUP. CLAS. PROF.]:[AGRUP. CLAS. PROF.]]=$B21,IF(DATOS_[[Check Periodo Ref.]:[Check Periodo Ref.]]="Dentro",DATOS_[Conc.Sal.17]))))), 0)} -> 0 | W23: {=IFERROR( AVERAGE((IF(DATOS_[[Sexo]:[Sexo]]=$B23,IF(DATOS_[[AGRUP. CLAS. PROF.]:[AGRUP. CLAS. PROF.]]=$B21,IF(DATOS_[[Check Periodo Ref.]:[Check Periodo Ref.]]="Dentro",DATOS_[Conc.Sal.18]))))), 0)} -> 0 | X23: {=IFERROR( AVERAGE((IF(DATOS_[[Sexo]:[Sexo]]=$B23,IF(DATOS_[[AGRUP. CLAS. PROF.]:[AGRUP. CLAS. PROF.]]=$B21,IF(DATOS_[[Check Periodo Ref.]:[Check Periodo Ref.]]="Dentro",DATOS_[Conc.Sal.19]))))), 0)} -> 0 | Y23: {=IFERROR( AVERAGE((IF(DATOS_[[Sexo]:[Sexo]]=$B23,IF(DATOS_[[AGRUP. CLAS. PROF.]:[AGRUP. CLAS. PROF.]]=$B21,IF(DATOS_[[Check Periodo Ref.]:[Check Periodo Ref.]]="Dentro",DATOS_[Conc.Sal.20]))))), 0)} -> 0 | Z23: {=IFERROR( AVERAGE((IF(DATOS_[[Sexo]:[Sexo]]=$B23,IF(DATOS_[[AGRUP. CLAS. PROF.]:[AGRUP. CLAS. PROF.]]=$B21,IF(DATOS_[[Check Periodo Ref.]:[Check Periodo Ref.]]="Dentro",DATOS_[Conc.Sal.21]))))), 0)} -> 0 | AA23: {=IFERROR( AVERAGE((IF(DATOS_[[Sexo]:[Sexo]]=$B23,IF(DATOS_[[AGRUP. CLAS. PROF.]:[AGRUP. CLAS. PROF.]]=$B21,IF(DATOS_[[Check Periodo Ref.]:[Check Periodo Ref.]]="Dentro",DATOS_[Conc.Sal.22]))))), 0)} -> 0 | AB23: {=IFERROR( AVERAGE((IF(DATOS_[[Sexo]:[Sexo]]=$B23,IF(DATOS_[[AGRUP. CLAS. PROF.]:[AGRUP. CLAS. PROF.]]=$B21,IF(DATOS_[[Check Periodo Ref.]:[Check Periodo Ref.]]="Dentro",DATOS_[Conc.Sal.23]))))), 0)} -> 0 | AC23: {=IFERROR( AVERAGE((IF(DATOS_[[Sexo]:[Sexo]]=$B23,IF(DATOS_[[AGRUP. CLAS. PROF.]:[AGRUP. CLAS. PROF.]]=$B21,IF(DATOS_[[Check Periodo Ref.]:[Check Periodo Ref.]]="Dentro",DATOS_[Conc.Sal.24]))))), 0)} -> 0 | AD23: {=IFERROR( AVERAGE((IF(DATOS_[[Sexo]:[Sexo]]=$B23,IF(DATOS_[[AGRUP. CLAS. PROF.]:[AGRUP. CLAS. PROF.]]=$B21,IF(DATOS_[[Check Periodo Ref.]:[Check Periodo Ref.]]="Dentro",DATOS_[Conc.Sal.25]))))), 0)} -> 0 | AE23: {=IFERROR( AVERAGE((IF(DATOS_[[Sexo]:[Sexo]]=$B23,IF(DATOS_[[AGRUP. CLAS. PROF.]:[AGRUP. CLAS. PROF.]]=$B21,IF(DATOS_[[Check Periodo Ref.]:[Check Periodo Ref.]]="Dentro",DATOS_[Conc.Sal.26]))))), 0)} -> 0 | AF23: {=IFERROR( AVERAGE((IF(DATOS_[[Sexo]:[Sexo]]=$B23,IF(DATOS_[[AGRUP. CLAS. PROF.]:[AGRUP. CLAS. PROF.]]=$B21,IF(DATOS_[[Check Periodo Ref.]:[Check Periodo Ref.]]="Dentro",DATOS_[Conc.Sal.27]))))), 0)} -> 0 | AG23: {=IFERROR( AVERAGE((IF(DATOS_[[Sexo]:[Sexo]]=$B23,IF(DATOS_[[AGRUP. CLAS. PROF.]:[AGRUP. CLAS. PROF.]]=$B21,IF(DATOS_[[Check Periodo Ref.]:[Check Periodo Ref.]]="Dentro",DATOS_[Conc.Sal.28]))))), 0)} -> 0 | AH23: {=IFERROR( AVERAGE((IF(DATOS_[[Sexo]:[Sexo]]=$B23,IF(DATOS_[[AGRUP. CLAS. PROF.]:[AGRUP. CLAS. PROF.]]=$B21,IF(DATOS_[[Check Periodo Ref.]:[Check Periodo Ref.]]="Dentro",DATOS_[Conc.Sal.29]))))), 0)} -> 0 | AI23: {=IFERROR( AVERAGE((IF(DATOS_[[Sexo]:[Sexo]]=$B23,IF(DATOS_[[AGRUP. CLAS. PROF.]:[AGRUP. CLAS. PROF.]]=$B21,IF(DATOS_[[Check Periodo Ref.]:[Check Periodo Ref.]]="Dentro",DATOS_[Conc.Sal.30]))))), 0)} -> 0 | AJ23: {=IFERROR( AVERAGE(IF(DATOS_[Sexo]=$B23,IF(DATOS_[AGRUP. CLAS. PROF.]=$B21,IF(DATOS_[Check Periodo Ref.]="Dentro",DATOS_[Tot COMPL.SAL Ef],0)))), 0)} -> 0 | AK23: {=IFERROR( AVERAGE(IF(DATOS_[Sexo]=$B23,IF(DATOS_[AGRUP. CLAS. PROF.]=$B21,IF(DATOS_[Check Periodo Ref.]="Dentro",DATOS_[TOTAL SALARIO Ef],0)))), 0)} -> 0 | AL23: {=IFERROR( AVERAGE((IF(DATOS_[[Sexo]:[Sexo]]=$B23,IF(DATOS_[[AGRUP. CLAS. PROF.]:[AGRUP. CLAS. PROF.]]=$B21,IF(DATOS_[[Check Periodo Ref.]:[Check Periodo Ref.]]="Dentro",DATOS_[C.Extra.01]))))), 0)} -> 0 | AM23: {=IFERROR( AVERAGE((IF(DATOS_[[Sexo]:[Sexo]]=$B23,IF(DATOS_[[AGRUP. CLAS. PROF.]:[AGRUP. CLAS. PROF.]]=$B21,IF(DATOS_[[Check Periodo Ref.]:[Check Periodo Ref.]]="Dentro",DATOS_[C.Extra.02]))))), 0)} -> 0 | AN23: {=IFERROR( AVERAGE((IF(DATOS_[[Sexo]:[Sexo]]=$B23,IF(DATOS_[[AGRUP. CLAS. PROF.]:[AGRUP. CLAS. PROF.]]=$B21,IF(DATOS_[[Check Periodo Ref.]:[Check Periodo Ref.]]="Dentro",DATOS_[C.Extra.03]))))), 0)} -> 0 | AO23: {=IFERROR( AVERAGE((IF(DATOS_[[Sexo]:[Sexo]]=$B23,IF(DATOS_[[AGRUP. CLAS. PROF.]:[AGRUP. CLAS. PROF.]]=$B21,IF(DATOS_[[Check Periodo Ref.]:[Check Periodo Ref.]]="Dentro",DATOS_[C.Extra.04]))))), 0)} -> 0 | AP23: {=IFERROR( AVERAGE((IF(DATOS_[[Sexo]:[Sexo]]=$B23,IF(DATOS_[[AGRUP. CLAS. PROF.]:[AGRUP. CLAS. PROF.]]=$B21,IF(DATOS_[[Check Periodo Ref.]:[Check Periodo Ref.]]="Dentro",DATOS_[C.Extra.05]))))), 0)} -> 0 | AQ23: {=IFERROR( AVERAGE(IF(DATOS_[Sexo]=$B23,IF(DATOS_[AGRUP. CLAS. PROF.]=$B21,IF(DATOS_[Check Periodo Ref.]="Dentro",DATOS_[Tot Extrasalarial Ef],0)))), 0)} -> 0 | AR23: {=IFERROR( AVERAGE(IF(DATOS_[Sexo]=$B23,IF(DATOS_[AGRUP. CLAS. PROF.]=$B21,IF(DATOS_[Check Periodo Ref.]="Dentro",DATOS_[TOTAL Retrib Ef],0)))), 0)} -> 0
A24: =+A25 -> [ocultar] | B24: GRUPO 04 | E24: =IFERROR((E25-E26)/E25,"") | F24: =IFERROR((F25-F26)/F25,"") | G24: =IFERROR((G25-G26)/G25,"") | H24: =IFERROR((H25-H26)/H25,"") | I24: =IFERROR((I25-I26)/I25,"") | J24: =IFERROR((J25-J26)/J25,"") | K24: =IFERROR((K25-K26)/K25,"") | L24: =IFERROR((L25-L26)/L25,"") | ... AR24: =IFERROR((AR25-AR26)/AR25,"")
A25: =+IF(C25+C26=0,"[ocultar]","") -> [ocultar] | B25: Hombre | C25: {=SUM(IF($B25=DATOS_[Sexo], IF($B24=DATOS_[AGRUP. CLAS. PROF.], IF("Dentro"=DATOS_[Check Periodo Ref.], 1/(COUNTIFS(DATOS_[Sexo],$B25,DATOS_[AGRUP. CLAS. PROF.],$B24,DATOS_[Check Periodo Ref.],"Dentro",DATOS_[id],DATOS_[id]))))))} -> 0 | D25: =COUNTIFS(DATOS_[AGRUP. CLAS. PROF.],$B24,DATOS_[Sexo],$B25,DATOS_[Check Periodo Ref.],"Dentro") -> 0 | E25: {=IFERROR( AVERAGE(IF(DATOS_[Sexo]=$B25,IF(DATOS_[AGRUP. CLAS. PROF.]=$B24,IF(DATOS_[Check Periodo Ref.]="Dentro",DATOS_[SALARIO BASE Ef],0)))), 0)} -> 0 | F25: {=IFERROR( AVERAGE((IF(DATOS_[[Sexo]:[Sexo]]=$B25,IF(DATOS_[[AGRUP. CLAS. PROF.]:[AGRUP. CLAS. PROF.]]=$B24,IF(DATOS_[[Check Periodo Ref.]:[Check Periodo Ref.]]="Dentro",DATOS_[Conc.Sal.01]))))), 0)} -> 0 | G25: {=IFERROR( AVERAGE((IF(DATOS_[[Sexo]:[Sexo]]=$B25,IF(DATOS_[[AGRUP. CLAS. PROF.]:[AGRUP. CLAS. PROF.]]=$B24,IF(DATOS_[[Check Periodo Ref.]:[Check Periodo Ref.]]="Dentro",DATOS_[Conc.Sal.02]))))), 0)} -> 0 | H25: {=IFERROR( AVERAGE((IF(DATOS_[[Sexo]:[Sexo]]=$B25,IF(DATOS_[[AGRUP. CLAS. PROF.]:[AGRUP. CLAS. PROF.]]=$B24,IF(DATOS_[[Check Periodo Ref.]:[Check Periodo Ref.]]="Dentro",DATOS_[Conc.Sal.03]))))), 0)} -> 0 | I25: {=IFERROR( AVERAGE((IF(DATOS_[[Sexo]:[Sexo]]=$B25,IF(DATOS_[[AGRUP. CLAS. PROF.]:[AGRUP. CLAS. PROF.]]=$B24,IF(DATOS_[[Check Periodo Ref.]:[Check Periodo Ref.]]="Dentro",DATOS_[Conc.Sal.04]))))), 0)} -> 0 | J25: {=IFERROR( AVERAGE((IF(DATOS_[[Sexo]:[Sexo]]=$B25,IF(DATOS_[[AGRUP. CLAS. PROF.]:[AGRUP. CLAS. PROF.]]=$B24,IF(DATOS_[[Check Periodo Ref.]:[Check Periodo Ref.]]="Dentro",DATOS_[Conc.Sal.05]))))), 0)} -> 0 | K25: {=IFERROR( AVERAGE((IF(DATOS_[[Sexo]:[Sexo]]=$B25,IF(DATOS_[[AGRUP. CLAS. PROF.]:[AGRUP. CLAS. PROF.]]=$B24,IF(DATOS_[[Check Periodo Ref.]:[Check Periodo Ref.]]="Dentro",DATOS_[Conc.Sal.06]))))), 0)} -> 0 | L25: {=IFERROR( AVERAGE((IF(DATOS_[[Sexo]:[Sexo]]=$B25,IF(DATOS_[[AGRUP. CLAS. PROF.]:[AGRUP. CLAS. PROF.]]=$B24,IF(DATOS_[[Check Periodo Ref.]:[Check Periodo Ref.]]="Dentro",DATOS_[Conc.Sal.07]))))), 0)} -> 0 | M25: {=IFERROR( AVERAGE((IF(DATOS_[[Sexo]:[Sexo]]=$B25,IF(DATOS_[[AGRUP. CLAS. PROF.]:[AGRUP. CLAS. PROF.]]=$B24,IF(DATOS_[[Check Periodo Ref.]:[Check Periodo Ref.]]="Dentro",DATOS_[Conc.Sal.08]))))), 0)} -> 0 | N25: {=IFERROR( AVERAGE((IF(DATOS_[[Sexo]:[Sexo]]=$B25,IF(DATOS_[[AGRUP. CLAS. PROF.]:[AGRUP. CLAS. PROF.]]=$B24,IF(DATOS_[[Check Periodo Ref.]:[Check Periodo Ref.]]="Dentro",DATOS_[Conc.Sal.09]))))), 0)} -> 0 | O25: {=IFERROR( AVERAGE((IF(DATOS_[[Sexo]:[Sexo]]=$B25,IF(DATOS_[[AGRUP. CLAS. PROF.]:[AGRUP. CLAS. PROF.]]=$B24,IF(DATOS_[[Check Periodo Ref.]:[Check Periodo Ref.]]="Dentro",DATOS_[Conc.Sal.10]))))), 0)} -> 0 | P25: {=IFERROR( AVERAGE((IF(DATOS_[[Sexo]:[Sexo]]=$B25,IF(DATOS_[[AGRUP. CLAS. PROF.]:[AGRUP. CLAS. PROF.]]=$B24,IF(DATOS_[[Check Periodo Ref.]:[Check Periodo Ref.]]="Dentro",DATOS_[Conc.Sal.11]))))), 0)} -> 0 | Q25: {=IFERROR( AVERAGE((IF(DATOS_[[Sexo]:[Sexo]]=$B25,IF(DATOS_[[AGRUP. CLAS. PROF.]:[AGRUP. CLAS. PROF.]]=$B24,IF(DATOS_[[Check Periodo Ref.]:[Check Periodo Ref.]]="Dentro",DATOS_[Conc.Sal.12]))))), 0)} -> 0 | R25: {=IFERROR( AVERAGE((IF(DATOS_[[Sexo]:[Sexo]]=$B25,IF(DATOS_[[AGRUP. CLAS. PROF.]:[AGRUP. CLAS. PROF.]]=$B24,IF(DATOS_[[Check Periodo Ref.]:[Check Periodo Ref.]]="Dentro",DATOS_[Conc.Sal.13]))))), 0)} -> 0 | S25: {=IFERROR( AVERAGE((IF(DATOS_[[Sexo]:[Sexo]]=$B25,IF(DATOS_[[AGRUP. CLAS. PROF.]:[AGRUP. CLAS. PROF.]]=$B24,IF(DATOS_[[Check Periodo Ref.]:[Check Periodo Ref.]]="Dentro",DATOS_[Conc.Sal.14]))))), 0)} -> 0 | T25: {=IFERROR( AVERAGE((IF(DATOS_[[Sexo]:[Sexo]]=$B25,IF(DATOS_[[AGRUP. CLAS. PROF.]:[AGRUP. CLAS. PROF.]]=$B24,IF(DATOS_[[Check Periodo Ref.]:[Check Periodo Ref.]]="Dentro",DATOS_[Conc.Sal.15]))))), 0)} -> 0 | U25: {=IFERROR( AVERAGE((IF(DATOS_[[Sexo]:[Sexo]]=$B25,IF(DATOS_[[AGRUP. CLAS. PROF.]:[AGRUP. CLAS. PROF.]]=$B24,IF(DATOS_[[Check Periodo Ref.]:[Check Periodo Ref.]]="Dentro",DATOS_[Conc.Sal.16]))))), 0)} -> 0 | V25: {=IFERROR( AVERAGE((IF(DATOS_[[Sexo]:[Sexo]]=$B25,IF(DATOS_[[AGRUP. CLAS. PROF.]:[AGRUP. CLAS. PROF.]]=$B24,IF(DATOS_[[Check Periodo Ref.]:[Check Periodo Ref.]]="Dentro",DATOS_[Conc.Sal.17]))))), 0)} -> 0 | W25: {=IFERROR( AVERAGE((IF(DATOS_[[Sexo]:[Sexo]]=$B25,IF(DATOS_[[AGRUP. CLAS. PROF.]:[AGRUP. CLAS. PROF.]]=$B24,IF(DATOS_[[Check Periodo Ref.]:[Check Periodo Ref.]]="Dentro",DATOS_[Conc.Sal.18]))))), 0)} -> 0 | X25: {=IFERROR( AVERAGE((IF(DATOS_[[Sexo]:[Sexo]]=$B25,IF(DATOS_[[AGRUP. CLAS. PROF.]:[AGRUP. CLAS. PROF.]]=$B24,IF(DATOS_[[Check Periodo Ref.]:[Check Periodo Ref.]]="Dentro",DATOS_[Conc.Sal.19]))))), 0)} -> 0 | Y25: {=IFERROR( AVERAGE((IF(DATOS_[[Sexo]:[Sexo]]=$B25,IF(DATOS_[[AGRUP. CLAS. PROF.]:[AGRUP. CLAS. PROF.]]=$B24,IF(DATOS_[[Check Periodo Ref.]:[Check Periodo Ref.]]="Dentro",DATOS_[Conc.Sal.20]))))), 0)} -> 0 | Z25: {=IFERROR( AVERAGE((IF(DATOS_[[Sexo]:[Sexo]]=$B25,IF(DATOS_[[AGRUP. CLAS. PROF.]:[AGRUP. CLAS. PROF.]]=$B24,IF(DATOS_[[Check Periodo Ref.]:[Check Periodo Ref.]]="Dentro",DATOS_[Conc.Sal.21]))))), 0)} -> 0 | AA25: {=IFERROR( AVERAGE((IF(DATOS_[[Sexo]:[Sexo]]=$B25,IF(DATOS_[[AGRUP. CLAS. PROF.]:[AGRUP. CLAS. PROF.]]=$B24,IF(DATOS_[[Check Periodo Ref.]:[Check Periodo Ref.]]="Dentro",DATOS_[Conc.Sal.22]))))), 0)} -> 0 | AB25: {=IFERROR( AVERAGE((IF(DATOS_[[Sexo]:[Sexo]]=$B25,IF(DATOS_[[AGRUP. CLAS. PROF.]:[AGRUP. CLAS. PROF.]]=$B24,IF(DATOS_[[Check Periodo Ref.]:[Check Periodo Ref.]]="Dentro",DATOS_[Conc.Sal.23]))))), 0)} -> 0 | AC25: {=IFERROR( AVERAGE((IF(DATOS_[[Sexo]:[Sexo]]=$B25,IF(DATOS_[[AGRUP. CLAS. PROF.]:[AGRUP. CLAS. PROF.]]=$B24,IF(DATOS_[[Check Periodo Ref.]:[Check Periodo Ref.]]="Dentro",DATOS_[Conc.Sal.24]))))), 0)} -> 0 | AD25: {=IFERROR( AVERAGE((IF(DATOS_[[Sexo]:[Sexo]]=$B25,IF(DATOS_[[AGRUP. CLAS. PROF.]:[AGRUP. CLAS. PROF.]]=$B24,IF(DATOS_[[Check Periodo Ref.]:[Check Periodo Ref.]]="Dentro",DATOS_[Conc.Sal.25]))))), 0)} -> 0 | AE25: {=IFERROR( AVERAGE((IF(DATOS_[[Sexo]:[Sexo]]=$B25,IF(DATOS_[[AGRUP. CLAS. PROF.]:[AGRUP. CLAS. PROF.]]=$B24,IF(DATOS_[[Check Periodo Ref.]:[Check Periodo Ref.]]="Dentro",DATOS_[Conc.Sal.26]))))), 0)} -> 0 | AF25: {=IFERROR( AVERAGE((IF(DATOS_[[Sexo]:[Sexo]]=$B25,IF(DATOS_[[AGRUP. CLAS. PROF.]:[AGRUP. CLAS. PROF.]]=$B24,IF(DATOS_[[Check Periodo Ref.]:[Check Periodo Ref.]]="Dentro",DATOS_[Conc.Sal.27]))))), 0)} -> 0 | AG25: {=IFERROR( AVERAGE((IF(DATOS_[[Sexo]:[Sexo]]=$B25,IF(DATOS_[[AGRUP. CLAS. PROF.]:[AGRUP. CLAS. PROF.]]=$B24,IF(DATOS_[[Check Periodo Ref.]:[Check Periodo Ref.]]="Dentro",DATOS_[Conc.Sal.28]))))), 0)} -> 0 | AH25: {=IFERROR( AVERAGE((IF(DATOS_[[Sexo]:[Sexo]]=$B25,IF(DATOS_[[AGRUP. CLAS. PROF.]:[AGRUP. CLAS. PROF.]]=$B24,IF(DATOS_[[Check Periodo Ref.]:[Check Periodo Ref.]]="Dentro",DATOS_[Conc.Sal.29]))))), 0)} -> 0 | AI25: {=IFERROR( AVERAGE((IF(DATOS_[[Sexo]:[Sexo]]=$B25,IF(DATOS_[[AGRUP. CLAS. PROF.]:[AGRUP. CLAS. PROF.]]=$B24,IF(DATOS_[[Check Periodo Ref.]:[Check Periodo Ref.]]="Dentro",DATOS_[Conc.Sal.30]))))), 0)} -> 0 | AJ25: {=IFERROR( AVERAGE(IF(DATOS_[Sexo]=$B25,IF(DATOS_[AGRUP. CLAS. PROF.]=$B24,IF(DATOS_[Check Periodo Ref.]="Dentro",DATOS_[Tot COMPL.SAL Ef],0)))), 0)} -> 0 | AK25: {=IFERROR( AVERAGE(IF(DATOS_[Sexo]=$B25,IF(DATOS_[AGRUP. CLAS. PROF.]=$B24,IF(DATOS_[Check Periodo Ref.]="Dentro",DATOS_[TOTAL SALARIO Ef],0)))), 0)} -> 0 | AL25: {=IFERROR( AVERAGE((IF(DATOS_[[Sexo]:[Sexo]]=$B25,IF(DATOS_[[AGRUP. CLAS. PROF.]:[AGRUP. CLAS. PROF.]]=$B24,IF(DATOS_[[Check Periodo Ref.]:[Check Periodo Ref.]]="Dentro",DATOS_[C.Extra.01]))))), 0)} -> 0 | AM25: {=IFERROR( AVERAGE((IF(DATOS_[[Sexo]:[Sexo]]=$B25,IF(DATOS_[[AGRUP. CLAS. PROF.]:[AGRUP. CLAS. PROF.]]=$B24,IF(DATOS_[[Check Periodo Ref.]:[Check Periodo Ref.]]="Dentro",DATOS_[C.Extra.02]))))), 0)} -> 0 | AN25: {=IFERROR( AVERAGE((IF(DATOS_[[Sexo]:[Sexo]]=$B25,IF(DATOS_[[AGRUP. CLAS. PROF.]:[AGRUP. CLAS. PROF.]]=$B24,IF(DATOS_[[Check Periodo Ref.]:[Check Periodo Ref.]]="Dentro",DATOS_[C.Extra.03]))))), 0)} -> 0 | AO25: {=IFERROR( AVERAGE((IF(DATOS_[[Sexo]:[Sexo]]=$B25,IF(DATOS_[[AGRUP. CLAS. PROF.]:[AGRUP. CLAS. PROF.]]=$B24,IF(DATOS_[[Check Periodo Ref.]:[Check Periodo Ref.]]="Dentro",DATOS_[C.Extra.04]))))), 0)} -> 0 | AP25: {=IFERROR( AVERAGE((IF(DATOS_[[Sexo]:[Sexo]]=$B25,IF(DATOS_[[AGRUP. CLAS. PROF.]:[AGRUP. CLAS. PROF.]]=$B24,IF(DATOS_[[Check Periodo Ref.]:[Check Periodo Ref.]]="Dentro",DATOS_[C.Extra.05]))))), 0)} -> 0 | AQ25: {=IFERROR( AVERAGE(IF(DATOS_[Sexo]=$B25,IF(DATOS_[AGRUP. CLAS. PROF.]=$B24,IF(DATOS_[Check Periodo Ref.]="Dentro",DATOS_[Tot Extrasalarial Ef],0)))), 0)} -> 0 | AR25: {=IFERROR( AVERAGE(IF(DATOS_[Sexo]=$B25,IF(DATOS_[AGRUP. CLAS. PROF.]=$B24,IF(DATOS_[Check Periodo Ref.]="Dentro",DATOS_[TOTAL Retrib Ef],0)))), 0)} -> 0
A26: =+A25 -> [ocultar] | B26: Mujer | C26: {=SUM(IF($B26=DATOS_[Sexo], IF($B24=DATOS_[AGRUP. CLAS. PROF.], IF("Dentro"=DATOS_[Check Periodo Ref.], 1/(COUNTIFS(DATOS_[Sexo],$B26,DATOS_[AGRUP. CLAS. PROF.],$B24,DATOS_[Check Periodo Ref.],"Dentro",DATOS_[id],DATOS_[id]))))))} -> 0 | D26: =COUNTIFS(DATOS_[AGRUP. CLAS. PROF.],$B24,DATOS_[Sexo],$B26,DATOS_[Check Periodo Ref.],"Dentro") -> 0 | E26: {=IFERROR( AVERAGE(IF(DATOS_[Sexo]=$B26,IF(DATOS_[AGRUP. CLAS. PROF.]=$B24,IF(DATOS_[Check Periodo Ref.]="Dentro",DATOS_[SALARIO BASE Ef],0)))), 0)} -> 0 | F26: {=IFERROR( AVERAGE((IF(DATOS_[[Sexo]:[Sexo]]=$B26,IF(DATOS_[[AGRUP. CLAS. PROF.]:[AGRUP. CLAS. PROF.]]=$B24,IF(DATOS_[[Check Periodo Ref.]:[Check Periodo Ref.]]="Dentro",DATOS_[Conc.Sal.01]))))), 0)} -> 0 | G26: {=IFERROR( AVERAGE((IF(DATOS_[[Sexo]:[Sexo]]=$B26,IF(DATOS_[[AGRUP. CLAS. PROF.]:[AGRUP. CLAS. PROF.]]=$B24,IF(DATOS_[[Check Periodo Ref.]:[Check Periodo Ref.]]="Dentro",DATOS_[Conc.Sal.02]))))), 0)} -> 0 | H26: {=IFERROR( AVERAGE((IF(DATOS_[[Sexo]:[Sexo]]=$B26,IF(DATOS_[[AGRUP. CLAS. PROF.]:[AGRUP. CLAS. PROF.]]=$B24,IF(DATOS_[[Check Periodo Ref.]:[Check Periodo Ref.]]="Dentro",DATOS_[Conc.Sal.03]))))), 0)} -> 0 | I26: {=IFERROR( AVERAGE((IF(DATOS_[[Sexo]:[Sexo]]=$B26,IF(DATOS_[[AGRUP. CLAS. PROF.]:[AGRUP. CLAS. PROF.]]=$B24,IF(DATOS_[[Check Periodo Ref.]:[Check Periodo Ref.]]="Dentro",DATOS_[Conc.Sal.04]))))), 0)} -> 0 | J26: {=IFERROR( AVERAGE((IF(DATOS_[[Sexo]:[Sexo]]=$B26,IF(DATOS_[[AGRUP. CLAS. PROF.]:[AGRUP. CLAS. PROF.]]=$B24,IF(DATOS_[[Check Periodo Ref.]:[Check Periodo Ref.]]="Dentro",DATOS_[Conc.Sal.05]))))), 0)} -> 0 | K26: {=IFERROR( AVERAGE((IF(DATOS_[[Sexo]:[Sexo]]=$B26,IF(DATOS_[[AGRUP. CLAS. PROF.]:[AGRUP. CLAS. PROF.]]=$B24,IF(DATOS_[[Check Periodo Ref.]:[Check Periodo Ref.]]="Dentro",DATOS_[Conc.Sal.06]))))), 0)} -> 0 | L26: {=IFERROR( AVERAGE((IF(DATOS_[[Sexo]:[Sexo]]=$B26,IF(DATOS_[[AGRUP. CLAS. PROF.]:[AGRUP. CLAS. PROF.]]=$B24,IF(DATOS_[[Check Periodo Ref.]:[Check Periodo Ref.]]="Dentro",DATOS_[Conc.Sal.07]))))), 0)} -> 0 | M26: {=IFERROR( AVERAGE((IF(DATOS_[[Sexo]:[Sexo]]=$B26,IF(DATOS_[[AGRUP. CLAS. PROF.]:[AGRUP. CLAS. PROF.]]=$B24,IF(DATOS_[[Check Periodo Ref.]:[Check Periodo Ref.]]="Dentro",DATOS_[Conc.Sal.08]))))), 0)} -> 0 | N26: {=IFERROR( AVERAGE((IF(DATOS_[[Sexo]:[Sexo]]=$B26,IF(DATOS_[[AGRUP. CLAS. PROF.]:[AGRUP. CLAS. PROF.]]=$B24,IF(DATOS_[[Check Periodo Ref.]:[Check Periodo Ref.]]="Dentro",DATOS_[Conc.Sal.09]))))), 0)} -> 0 | O26: {=IFERROR( AVERAGE((IF(DATOS_[[Sexo]:[Sexo]]=$B26,IF(DATOS_[[AGRUP. CLAS. PROF.]:[AGRUP. CLAS. PROF.]]=$B24,IF(DATOS_[[Check Periodo Ref.]:[Check Periodo Ref.]]="Dentro",DATOS_[Conc.Sal.10]))))), 0)} -> 0 | P26: {=IFERROR( AVERAGE((IF(DATOS_[[Sexo]:[Sexo]]=$B26,IF(DATOS_[[AGRUP. CLAS. PROF.]:[AGRUP. CLAS. PROF.]]=$B24,IF(DATOS_[[Check Periodo Ref.]:[Check Periodo Ref.]]="Dentro",DATOS_[Conc.Sal.11]))))), 0)} -> 0 | Q26: {=IFERROR( AVERAGE((IF(DATOS_[[Sexo]:[Sexo]]=$B26,IF(DATOS_[[AGRUP. CLAS. PROF.]:[AGRUP. CLAS. PROF.]]=$B24,IF(DATOS_[[Check Periodo Ref.]:[Check Periodo Ref.]]="Dentro",DATOS_[Conc.Sal.12]))))), 0)} -> 0 | R26: {=IFERROR( AVERAGE((IF(DATOS_[[Sexo]:[Sexo]]=$B26,IF(DATOS_[[AGRUP. CLAS. PROF.]:[AGRUP. CLAS. PROF.]]=$B24,IF(DATOS_[[Check Periodo Ref.]:[Check Periodo Ref.]]="Dentro",DATOS_[Conc.Sal.13]))))), 0)} -> 0 | S26: {=IFERROR( AVERAGE((IF(DATOS_[[Sexo]:[Sexo]]=$B26,IF(DATOS_[[AGRUP. CLAS. PROF.]:[AGRUP. CLAS. PROF.]]=$B24,IF(DATOS_[[Check Periodo Ref.]:[Check Periodo Ref.]]="Dentro",DATOS_[Conc.Sal.14]))))), 0)} -> 0 | T26: {=IFERROR( AVERAGE((IF(DATOS_[[Sexo]:[Sexo]]=$B26,IF(DATOS_[[AGRUP. CLAS. PROF.]:[AGRUP. CLAS. PROF.]]=$B24,IF(DATOS_[[Check Periodo Ref.]:[Check Periodo Ref.]]="Dentro",DATOS_[Conc.Sal.15]))))), 0)} -> 0 | U26: {=IFERROR( AVERAGE((IF(DATOS_[[Sexo]:[Sexo]]=$B26,IF(DATOS_[[AGRUP. CLAS. PROF.]:[AGRUP. CLAS. PROF.]]=$B24,IF(DATOS_[[Check Periodo Ref.]:[Check Periodo Ref.]]="Dentro",DATOS_[Conc.Sal.16]))))), 0)} -> 0 | V26: {=IFERROR( AVERAGE((IF(DATOS_[[Sexo]:[Sexo]]=$B26,IF(DATOS_[[AGRUP. CLAS. PROF.]:[AGRUP. CLAS. PROF.]]=$B24,IF(DATOS_[[Check Periodo Ref.]:[Check Periodo Ref.]]="Dentro",DATOS_[Conc.Sal.17]))))), 0)} -> 0 | W26: {=IFERROR( AVERAGE((IF(DATOS_[[Sexo]:[Sexo]]=$B26,IF(DATOS_[[AGRUP. CLAS. PROF.]:[AGRUP. CLAS. PROF.]]=$B24,IF(DATOS_[[Check Periodo Ref.]:[Check Periodo Ref.]]="Dentro",DATOS_[Conc.Sal.18]))))), 0)} -> 0 | X26: {=IFERROR( AVERAGE((IF(DATOS_[[Sexo]:[Sexo]]=$B26,IF(DATOS_[[AGRUP. CLAS. PROF.]:[AGRUP. CLAS. PROF.]]=$B24,IF(DATOS_[[Check Periodo Ref.]:[Check Periodo Ref.]]="Dentro",DATOS_[Conc.Sal.19]))))), 0)} -> 0 | Y26: {=IFERROR( AVERAGE((IF(DATOS_[[Sexo]:[Sexo]]=$B26,IF(DATOS_[[AGRUP. CLAS. PROF.]:[AGRUP. CLAS. PROF.]]=$B24,IF(DATOS_[[Check Periodo Ref.]:[Check Periodo Ref.]]="Dentro",DATOS_[Conc.Sal.20]))))), 0)} -> 0 | Z26: {=IFERROR( AVERAGE((IF(DATOS_[[Sexo]:[Sexo]]=$B26,IF(DATOS_[[AGRUP. CLAS. PROF.]:[AGRUP. CLAS. PROF.]]=$B24,IF(DATOS_[[Check Periodo Ref.]:[Check Periodo Ref.]]="Dentro",DATOS_[Conc.Sal.21]))))), 0)} -> 0 | AA26: {=IFERROR( AVERAGE((IF(DATOS_[[Sexo]:[Sexo]]=$B26,IF(DATOS_[[AGRUP. CLAS. PROF.]:[AGRUP. CLAS. PROF.]]=$B24,IF(DATOS_[[Check Periodo Ref.]:[Check Periodo Ref.]]="Dentro",DATOS_[Conc.Sal.22]))))), 0)} -> 0 | AB26: {=IFERROR( AVERAGE((IF(DATOS_[[Sexo]:[Sexo]]=$B26,IF(DATOS_[[AGRUP. CLAS. PROF.]:[AGRUP. CLAS. PROF.]]=$B24,IF(DATOS_[[Check Periodo Ref.]:[Check Periodo Ref.]]="Dentro",DATOS_[Conc.Sal.23]))))), 0)} -> 0 | AC26: {=IFERROR( AVERAGE((IF(DATOS_[[Sexo]:[Sexo]]=$B26,IF(DATOS_[[AGRUP. CLAS. PROF.]:[AGRUP. CLAS. PROF.]]=$B24,IF(DATOS_[[Check Periodo Ref.]:[Check Periodo Ref.]]="Dentro",DATOS_[Conc.Sal.24]))))), 0)} -> 0 | AD26: {=IFERROR( AVERAGE((IF(DATOS_[[Sexo]:[Sexo]]=$B26,IF(DATOS_[[AGRUP. CLAS. PROF.]:[AGRUP. CLAS. PROF.]]=$B24,IF(DATOS_[[Check Periodo Ref.]:[Check Periodo Ref.]]="Dentro",DATOS_[Conc.Sal.25]))))), 0)} -> 0 | AE26: {=IFERROR( AVERAGE((IF(DATOS_[[Sexo]:[Sexo]]=$B26,IF(DATOS_[[AGRUP. CLAS. PROF.]:[AGRUP. CLAS. PROF.]]=$B24,IF(DATOS_[[Check Periodo Ref.]:[Check Periodo Ref.]]="Dentro",DATOS_[Conc.Sal.26]))))), 0)} -> 0 | AF26: {=IFERROR( AVERAGE((IF(DATOS_[[Sexo]:[Sexo]]=$B26,IF(DATOS_[[AGRUP. CLAS. PROF.]:[AGRUP. CLAS. PROF.]]=$B24,IF(DATOS_[[Check Periodo Ref.]:[Check Periodo Ref.]]="Dentro",DATOS_[Conc.Sal.27]))))), 0)} -> 0 | AG26: {=IFERROR( AVERAGE((IF(DATOS_[[Sexo]:[Sexo]]=$B26,IF(DATOS_[[AGRUP. CLAS. PROF.]:[AGRUP. CLAS. PROF.]]=$B24,IF(DATOS_[[Check Periodo Ref.]:[Check Periodo Ref.]]="Dentro",DATOS_[Conc.Sal.28]))))), 0)} -> 0 | AH26: {=IFERROR( AVERAGE((IF(DATOS_[[Sexo]:[Sexo]]=$B26,IF(DATOS_[[AGRUP. CLAS. PROF.]:[AGRUP. CLAS. PROF.]]=$B24,IF(DATOS_[[Check Periodo Ref.]:[Check Periodo Ref.]]="Dentro",DATOS_[Conc.Sal.29]))))), 0)} -> 0 | AI26: {=IFERROR( AVERAGE((IF(DATOS_[[Sexo]:[Sexo]]=$B26,IF(DATOS_[[AGRUP. CLAS. PROF.]:[AGRUP. CLAS. PROF.]]=$B24,IF(DATOS_[[Check Periodo Ref.]:[Check Periodo Ref.]]="Dentro",DATOS_[Conc.Sal.30]))))), 0)} -> 0 | AJ26: {=IFERROR( AVERAGE(IF(DATOS_[Sexo]=$B26,IF(DATOS_[AGRUP. CLAS. PROF.]=$B24,IF(DATOS_[Check Periodo Ref.]="Dentro",DATOS_[Tot COMPL.SAL Ef],0)))), 0)} -> 0 | AK26: {=IFERROR( AVERAGE(IF(DATOS_[Sexo]=$B26,IF(DATOS_[AGRUP. CLAS. PROF.]=$B24,IF(DATOS_[Check Periodo Ref.]="Dentro",DATOS_[TOTAL SALARIO Ef],0)))), 0)} -> 0 | AL26: {=IFERROR( AVERAGE((IF(DATOS_[[Sexo]:[Sexo]]=$B26,IF(DATOS_[[AGRUP. CLAS. PROF.]:[AGRUP. CLAS. PROF.]]=$B24,IF(DATOS_[[Check Periodo Ref.]:[Check Periodo Ref.]]="Dentro",DATOS_[C.Extra.01]))))), 0)} -> 0 | AM26: {=IFERROR( AVERAGE((IF(DATOS_[[Sexo]:[Sexo]]=$B26,IF(DATOS_[[AGRUP. CLAS. PROF.]:[AGRUP. CLAS. PROF.]]=$B24,IF(DATOS_[[Check Periodo Ref.]:[Check Periodo Ref.]]="Dentro",DATOS_[C.Extra.02]))))), 0)} -> 0 | AN26: {=IFERROR( AVERAGE((IF(DATOS_[[Sexo]:[Sexo]]=$B26,IF(DATOS_[[AGRUP. CLAS. PROF.]:[AGRUP. CLAS. PROF.]]=$B24,IF(DATOS_[[Check Periodo Ref.]:[Check Periodo Ref.]]="Dentro",DATOS_[C.Extra.03]))))), 0)} -> 0 | AO26: {=IFERROR( AVERAGE((IF(DATOS_[[Sexo]:[Sexo]]=$B26,IF(DATOS_[[AGRUP. CLAS. PROF.]:[AGRUP. CLAS. PROF.]]=$B24,IF(DATOS_[[Check Periodo Ref.]:[Check Periodo Ref.]]="Dentro",DATOS_[C.Extra.04]))))), 0)} -> 0 | AP26: {=IFERROR( AVERAGE((IF(DATOS_[[Sexo]:[Sexo]]=$B26,IF(DATOS_[[AGRUP. CLAS. PROF.]:[AGRUP. CLAS. PROF.]]=$B24,IF(DATOS_[[Check Periodo Ref.]:[Check Periodo Ref.]]="Dentro",DATOS_[C.Extra.05]))))), 0)} -> 0 | AQ26: {=IFERROR( AVERAGE(IF(DATOS_[Sexo]=$B26,IF(DATOS_[AGRUP. CLAS. PROF.]=$B24,IF(DATOS_[Check Periodo Ref.]="Dentro",DATOS_[Tot Extrasalarial Ef],0)))), 0)} -> 0 | AR26: {=IFERROR( AVERAGE(IF(DATOS_[Sexo]=$B26,IF(DATOS_[AGRUP. CLAS. PROF.]=$B24,IF(DATOS_[Check Periodo Ref.]="Dentro",DATOS_[TOTAL Retrib Ef],0)))), 0)} -> 0
A27: =+A28 -> [ocultar] | B27: GRUPO 05 | E27: =IFERROR((E28-E29)/E28,"") | F27: =IFERROR((F28-F29)/F28,"") | G27: =IFERROR((G28-G29)/G28,"") | H27: =IFERROR((H28-H29)/H28,"") | I27: =IFERROR((I28-I29)/I28,"") | J27: =IFERROR((J28-J29)/J28,"") | K27: =IFERROR((K28-K29)/K28,"") | L27: =IFERROR((L28-L29)/L28,"") | ... AR27: =IFERROR((AR28-AR29)/AR28,"")
A28: =+IF(C28+C29=0,"[ocultar]","") -> [ocultar] | B28: Hombre | C28: {=SUM(IF($B28=DATOS_[Sexo], IF($B27=DATOS_[AGRUP. CLAS. PROF.], IF("Dentro"=DATOS_[Check Periodo Ref.], 1/(COUNTIFS(DATOS_[Sexo],$B28,DATOS_[AGRUP. CLAS. PROF.],$B27,DATOS_[Check Periodo Ref.],"Dentro",DATOS_[id],DATOS_[id]))))))} -> 0 | D28: =COUNTIFS(DATOS_[AGRUP. CLAS. PROF.],$B27,DATOS_[Sexo],$B28,DATOS_[Check Periodo Ref.],"Dentro") -> 0 | E28: {=IFERROR( AVERAGE(IF(DATOS_[Sexo]=$B28,IF(DATOS_[AGRUP. CLAS. PROF.]=$B27,IF(DATOS_[Check Periodo Ref.]="Dentro",DATOS_[SALARIO BASE Ef],0)))), 0)} -> 0 | F28: {=IFERROR( AVERAGE((IF(DATOS_[[Sexo]:[Sexo]]=$B28,IF(DATOS_[[AGRUP. CLAS. PROF.]:[AGRUP. CLAS. PROF.]]=$B27,IF(DATOS_[[Check Periodo Ref.]:[Check Periodo Ref.]]="Dentro",DATOS_[Conc.Sal.01]))))), 0)} -> 0 | G28: {=IFERROR( AVERAGE((IF(DATOS_[[Sexo]:[Sexo]]=$B28,IF(DATOS_[[AGRUP. CLAS. PROF.]:[AGRUP. CLAS. PROF.]]=$B27,IF(DATOS_[[Check Periodo Ref.]:[Check Periodo Ref.]]="Dentro",DATOS_[Conc.Sal.02]))))), 0)} -> 0 | H28: {=IFERROR( AVERAGE((IF(DATOS_[[Sexo]:[Sexo]]=$B28,IF(DATOS_[[AGRUP. CLAS. PROF.]:[AGRUP. CLAS. PROF.]]=$B27,IF(DATOS_[[Check Periodo Ref.]:[Check Periodo Ref.]]="Dentro",DATOS_[Conc.Sal.03]))))), 0)} -> 0 | I28: {=IFERROR( AVERAGE((IF(DATOS_[[Sexo]:[Sexo]]=$B28,IF(DATOS_[[AGRUP. CLAS. PROF.]:[AGRUP. CLAS. PROF.]]=$B27,IF(DATOS_[[Check Periodo Ref.]:[Check Periodo Ref.]]="Dentro",DATOS_[Conc.Sal.04]))))), 0)} -> 0 | J28: {=IFERROR( AVERAGE((IF(DATOS_[[Sexo]:[Sexo]]=$B28,IF(DATOS_[[AGRUP. CLAS. PROF.]:[AGRUP. CLAS. PROF.]]=$B27,IF(DATOS_[[Check Periodo Ref.]:[Check Periodo Ref.]]="Dentro",DATOS_[Conc.Sal.05]))))), 0)} -> 0 | K28: {=IFERROR( AVERAGE((IF(DATOS_[[Sexo]:[Sexo]]=$B28,IF(DATOS_[[AGRUP. CLAS. PROF.]:[AGRUP. CLAS. PROF.]]=$B27,IF(DATOS_[[Check Periodo Ref.]:[Check Periodo Ref.]]="Dentro",DATOS_[Conc.Sal.06]))))), 0)} -> 0 | L28: {=IFERROR( AVERAGE((IF(DATOS_[[Sexo]:[Sexo]]=$B28,IF(DATOS_[[AGRUP. CLAS. PROF.]:[AGRUP. CLAS. PROF.]]=$B27,IF(DATOS_[[Check Periodo Ref.]:[Check Periodo Ref.]]="Dentro",DATOS_[Conc.Sal.07]))))), 0)} -> 0 | M28: {=IFERROR( AVERAGE((IF(DATOS_[[Sexo]:[Sexo]]=$B28,IF(DATOS_[[AGRUP. CLAS. PROF.]:[AGRUP. CLAS. PROF.]]=$B27,IF(DATOS_[[Check Periodo Ref.]:[Check Periodo Ref.]]="Dentro",DATOS_[Conc.Sal.08]))))), 0)} -> 0 | N28: {=IFERROR( AVERAGE((IF(DATOS_[[Sexo]:[Sexo]]=$B28,IF(DATOS_[[AGRUP. CLAS. PROF.]:[AGRUP. CLAS. PROF.]]=$B27,IF(DATOS_[[Check Periodo Ref.]:[Check Periodo Ref.]]="Dentro",DATOS_[Conc.Sal.09]))))), 0)} -> 0 | O28: {=IFERROR( AVERAGE((IF(DATOS_[[Sexo]:[Sexo]]=$B28,IF(DATOS_[[AGRUP. CLAS. PROF.]:[AGRUP. CLAS. PROF.]]=$B27,IF(DATOS_[[Check Periodo Ref.]:[Check Periodo Ref.]]="Dentro",DATOS_[Conc.Sal.10]))))), 0)} -> 0 | P28: {=IFERROR( AVERAGE((IF(DATOS_[[Sexo]:[Sexo]]=$B28,IF(DATOS_[[AGRUP. CLAS. PROF.]:[AGRUP. CLAS. PROF.]]=$B27,IF(DATOS_[[Check Periodo Ref.]:[Check Periodo Ref.]]="Dentro",DATOS_[Conc.Sal.11]))))), 0)} -> 0 | Q28: {=IFERROR( AVERAGE((IF(DATOS_[[Sexo]:[Sexo]]=$B28,IF(DATOS_[[AGRUP. CLAS. PROF.]:[AGRUP. CLAS. PROF.]]=$B27,IF(DATOS_[[Check Periodo Ref.]:[Check Periodo Ref.]]="Dentro",DATOS_[Conc.Sal.12]))))), 0)} -> 0 | R28: {=IFERROR( AVERAGE((IF(DATOS_[[Sexo]:[Sexo]]=$B28,IF(DATOS_[[AGRUP. CLAS. PROF.]:[AGRUP. CLAS. PROF.]]=$B27,IF(DATOS_[[Check Periodo Ref.]:[Check Periodo Ref.]]="Dentro",DATOS_[Conc.Sal.13]))))), 0)} -> 0 | S28: {=IFERROR( AVERAGE((IF(DATOS_[[Sexo]:[Sexo]]=$B28,IF(DATOS_[[AGRUP. CLAS. PROF.]:[AGRUP. CLAS. PROF.]]=$B27,IF(DATOS_[[Check Periodo Ref.]:[Check Periodo Ref.]]="Dentro",DATOS_[Conc.Sal.14]))))), 0)} -> 0 | T28: {=IFERROR( AVERAGE((IF(DATOS_[[Sexo]:[Sexo]]=$B28,IF(DATOS_[[AGRUP. CLAS. PROF.]:[AGRUP. CLAS. PROF.]]=$B27,IF(DATOS_[[Check Periodo Ref.]:[Check Periodo Ref.]]="Dentro",DATOS_[Conc.Sal.15]))))), 0)} -> 0 | U28: {=IFERROR( AVERAGE((IF(DATOS_[[Sexo]:[Sexo]]=$B28,IF(DATOS_[[AGRUP. CLAS. PROF.]:[AGRUP. CLAS. PROF.]]=$B27,IF(DATOS_[[Check Periodo Ref.]:[Check Periodo Ref.]]="Dentro",DATOS_[Conc.Sal.16]))))), 0)} -> 0 | V28: {=IFERROR( AVERAGE((IF(DATOS_[[Sexo]:[Sexo]]=$B28,IF(DATOS_[[AGRUP. CLAS. PROF.]:[AGRUP. CLAS. PROF.]]=$B27,IF(DATOS_[[Check Periodo Ref.]:[Check Periodo Ref.]]="Dentro",DATOS_[Conc.Sal.17]))))), 0)} -> 0 | W28: {=IFERROR( AVERAGE((IF(DATOS_[[Sexo]:[Sexo]]=$B28,IF(DATOS_[[AGRUP. CLAS. PROF.]:[AGRUP. CLAS. PROF.]]=$B27,IF(DATOS_[[Check Periodo Ref.]:[Check Periodo Ref.]]="Dentro",DATOS_[Conc.Sal.18]))))), 0)} -> 0 | X28: {=IFERROR( AVERAGE((IF(DATOS_[[Sexo]:[Sexo]]=$B28,IF(DATOS_[[AGRUP. CLAS. PROF.]:[AGRUP. CLAS. PROF.]]=$B27,IF(DATOS_[[Check Periodo Ref.]:[Check Periodo Ref.]]="Dentro",DATOS_[Conc.Sal.19]))))), 0)} -> 0 | Y28: {=IFERROR( AVERAGE((IF(DATOS_[[Sexo]:[Sexo]]=$B28,IF(DATOS_[[AGRUP. CLAS. PROF.]:[AGRUP. CLAS. PROF.]]=$B27,IF(DATOS_[[Check Periodo Ref.]:[Check Periodo Ref.]]="Dentro",DATOS_[Conc.Sal.20]))))), 0)} -> 0 | Z28: {=IFERROR( AVERAGE((IF(DATOS_[[Sexo]:[Sexo]]=$B28,IF(DATOS_[[AGRUP. CLAS. PROF.]:[AGRUP. CLAS. PROF.]]=$B27,IF(DATOS_[[Check Periodo Ref.]:[Check Periodo Ref.]]="Dentro",DATOS_[Conc.Sal.21]))))), 0)} -> 0 | AA28: {=IFERROR( AVERAGE((IF(DATOS_[[Sexo]:[Sexo]]=$B28,IF(DATOS_[[AGRUP. CLAS. PROF.]:[AGRUP. CLAS. PROF.]]=$B27,IF(DATOS_[[Check Periodo Ref.]:[Check Periodo Ref.]]="Dentro",DATOS_[Conc.Sal.22]))))), 0)} -> 0 | AB28: {=IFERROR( AVERAGE((IF(DATOS_[[Sexo]:[Sexo]]=$B28,IF(DATOS_[[AGRUP. CLAS. PROF.]:[AGRUP. CLAS. PROF.]]=$B27,IF(DATOS_[[Check Periodo Ref.]:[Check Periodo Ref.]]="Dentro",DATOS_[Conc.Sal.23]))))), 0)} -> 0 | AC28: {=IFERROR( AVERAGE((IF(DATOS_[[Sexo]:[Sexo]]=$B28,IF(DATOS_[[AGRUP. CLAS. PROF.]:[AGRUP. CLAS. PROF.]]=$B27,IF(DATOS_[[Check Periodo Ref.]:[Check Periodo Ref.]]="Dentro",DATOS_[Conc.Sal.24]))))), 0)} -> 0 | AD28: {=IFERROR( AVERAGE((IF(DATOS_[[Sexo]:[Sexo]]=$B28,IF(DATOS_[[AGRUP. CLAS. PROF.]:[AGRUP. CLAS. PROF.]]=$B27,IF(DATOS_[[Check Periodo Ref.]:[Check Periodo Ref.]]="Dentro",DATOS_[Conc.Sal.25]))))), 0)} -> 0 | AE28: {=IFERROR( AVERAGE((IF(DATOS_[[Sexo]:[Sexo]]=$B28,IF(DATOS_[[AGRUP. CLAS. PROF.]:[AGRUP. CLAS. PROF.]]=$B27,IF(DATOS_[[Check Periodo Ref.]:[Check Periodo Ref.]]="Dentro",DATOS_[Conc.Sal.26]))))), 0)} -> 0 | AF28: {=IFERROR( AVERAGE((IF(DATOS_[[Sexo]:[Sexo]]=$B28,IF(DATOS_[[AGRUP. CLAS. PROF.]:[AGRUP. CLAS. PROF.]]=$B27,IF(DATOS_[[Check Periodo Ref.]:[Check Periodo Ref.]]="Dentro",DATOS_[Conc.Sal.27]))))), 0)} -> 0 | AG28: {=IFERROR( AVERAGE((IF(DATOS_[[Sexo]:[Sexo]]=$B28,IF(DATOS_[[AGRUP. CLAS. PROF.]:[AGRUP. CLAS. PROF.]]=$B27,IF(DATOS_[[Check Periodo Ref.]:[Check Periodo Ref.]]="Dentro",DATOS_[Conc.Sal.28]))))), 0)} -> 0 | AH28: {=IFERROR( AVERAGE((IF(DATOS_[[Sexo]:[Sexo]]=$B28,IF(DATOS_[[AGRUP. CLAS. PROF.]:[AGRUP. CLAS. PROF.]]=$B27,IF(DATOS_[[Check Periodo Ref.]:[Check Periodo Ref.]]="Dentro",DATOS_[Conc.Sal.29]))))), 0)} -> 0 | AI28: {=IFERROR( AVERAGE((IF(DATOS_[[Sexo]:[Sexo]]=$B28,IF(DATOS_[[AGRUP. CLAS. PROF.]:[AGRUP. CLAS. PROF.]]=$B27,IF(DATOS_[[Check Periodo Ref.]:[Check Periodo Ref.]]="Dentro",DATOS_[Conc.Sal.30]))))), 0)} -> 0 | AJ28: {=IFERROR( AVERAGE(IF(DATOS_[Sexo]=$B28,IF(DATOS_[AGRUP. CLAS. PROF.]=$B27,IF(DATOS_[Check Periodo Ref.]="Dentro",DATOS_[Tot COMPL.SAL Ef],0)))), 0)} -> 0 | AK28: {=IFERROR( AVERAGE(IF(DATOS_[Sexo]=$B28,IF(DATOS_[AGRUP. CLAS. PROF.]=$B27,IF(DATOS_[Check Periodo Ref.]="Dentro",DATOS_[TOTAL SALARIO Ef],0)))), 0)} -> 0 | AL28: {=IFERROR( AVERAGE((IF(DATOS_[[Sexo]:[Sexo]]=$B28,IF(DATOS_[[AGRUP. CLAS. PROF.]:[AGRUP. CLAS. PROF.]]=$B27,IF(DATOS_[[Check Periodo Ref.]:[Check Periodo Ref.]]="Dentro",DATOS_[C.Extra.01]))))), 0)} -> 0 | AM28: {=IFERROR( AVERAGE((IF(DATOS_[[Sexo]:[Sexo]]=$B28,IF(DATOS_[[AGRUP. CLAS. PROF.]:[AGRUP. CLAS. PROF.]]=$B27,IF(DATOS_[[Check Periodo Ref.]:[Check Periodo Ref.]]="Dentro",DATOS_[C.Extra.02]))))), 0)} -> 0 | AN28: {=IFERROR( AVERAGE((IF(DATOS_[[Sexo]:[Sexo]]=$B28,IF(DATOS_[[AGRUP. CLAS. PROF.]:[AGRUP. CLAS. PROF.]]=$B27,IF(DATOS_[[Check Periodo Ref.]:[Check Periodo Ref.]]="Dentro",DATOS_[C.Extra.03]))))), 0)} -> 0 | AO28: {=IFERROR( AVERAGE((IF(DATOS_[[Sexo]:[Sexo]]=$B28,IF(DATOS_[[AGRUP. CLAS. PROF.]:[AGRUP. CLAS. PROF.]]=$B27,IF(DATOS_[[Check Periodo Ref.]:[Check Periodo Ref.]]="Dentro",DATOS_[C.Extra.04]))))), 0)} -> 0 | AP28: {=IFERROR( AVERAGE((IF(DATOS_[[Sexo]:[Sexo]]=$B28,IF(DATOS_[[AGRUP. CLAS. PROF.]:[AGRUP. CLAS. PROF.]]=$B27,IF(DATOS_[[Check Periodo Ref.]:[Check Periodo Ref.]]="Dentro",DATOS_[C.Extra.05]))))), 0)} -> 0 | AQ28: {=IFERROR( AVERAGE(IF(DATOS_[Sexo]=$B28,IF(DATOS_[AGRUP. CLAS. PROF.]=$B27,IF(DATOS_[Check Periodo Ref.]="Dentro",DATOS_[Tot Extrasalarial Ef],0)))), 0)} -> 0 | AR28: {=IFERROR( AVERAGE(IF(DATOS_[Sexo]=$B28,IF(DATOS_[AGRUP. CLAS. PROF.]=$B27,IF(DATOS_[Check Periodo Ref.]="Dentro",DATOS_[TOTAL Retrib Ef],0)))), 0)} -> 0
A29: =+A28 -> [ocultar] | B29: Mujer | C29: {=SUM(IF($B29=DATOS_[Sexo], IF($B27=DATOS_[AGRUP. CLAS. PROF.], IF("Dentro"=DATOS_[Check Periodo Ref.], 1/(COUNTIFS(DATOS_[Sexo],$B29,DATOS_[AGRUP. CLAS. PROF.],$B27,DATOS_[Check Periodo Ref.],"Dentro",DATOS_[id],DATOS_[id]))))))} -> 0 | D29: =COUNTIFS(DATOS_[AGRUP. CLAS. PROF.],$B27,DATOS_[Sexo],$B29,DATOS_[Check Periodo Ref.],"Dentro") -> 0 | E29: {=IFERROR( AVERAGE(IF(DATOS_[Sexo]=$B29,IF(DATOS_[AGRUP. CLAS. PROF.]=$B27,IF(DATOS_[Check Periodo Ref.]="Dentro",DATOS_[SALARIO BASE Ef],0)))), 0)} -> 0 | F29: {=IFERROR( AVERAGE((IF(DATOS_[[Sexo]:[Sexo]]=$B29,IF(DATOS_[[AGRUP. CLAS. PROF.]:[AGRUP. CLAS. PROF.]]=$B27,IF(DATOS_[[Check Periodo Ref.]:[Check Periodo Ref.]]="Dentro",DATOS_[Conc.Sal.01]))))), 0)} -> 0 | G29: {=IFERROR( AVERAGE((IF(DATOS_[[Sexo]:[Sexo]]=$B29,IF(DATOS_[[AGRUP. CLAS. PROF.]:[AGRUP. CLAS. PROF.]]=$B27,IF(DATOS_[[Check Periodo Ref.]:[Check Periodo Ref.]]="Dentro",DATOS_[Conc.Sal.02]))))), 0)} -> 0 | H29: {=IFERROR( AVERAGE((IF(DATOS_[[Sexo]:[Sexo]]=$B29,IF(DATOS_[[AGRUP. CLAS. PROF.]:[AGRUP. CLAS. PROF.]]=$B27,IF(DATOS_[[Check Periodo Ref.]:[Check Periodo Ref.]]="Dentro",DATOS_[Conc.Sal.03]))))), 0)} -> 0 | I29: {=IFERROR( AVERAGE((IF(DATOS_[[Sexo]:[Sexo]]=$B29,IF(DATOS_[[AGRUP. CLAS. PROF.]:[AGRUP. CLAS. PROF.]]=$B27,IF(DATOS_[[Check Periodo Ref.]:[Check Periodo Ref.]]="Dentro",DATOS_[Conc.Sal.04]))))), 0)} -> 0 | J29: {=IFERROR( AVERAGE((IF(DATOS_[[Sexo]:[Sexo]]=$B29,IF(DATOS_[[AGRUP. CLAS. PROF.]:[AGRUP. CLAS. PROF.]]=$B27,IF(DATOS_[[Check Periodo Ref.]:[Check Periodo Ref.]]="Dentro",DATOS_[Conc.Sal.05]))))), 0)} -> 0 | K29: {=IFERROR( AVERAGE((IF(DATOS_[[Sexo]:[Sexo]]=$B29,IF(DATOS_[[AGRUP. CLAS. PROF.]:[AGRUP. CLAS. PROF.]]=$B27,IF(DATOS_[[Check Periodo Ref.]:[Check Periodo Ref.]]="Dentro",DATOS_[Conc.Sal.06]))))), 0)} -> 0 | L29: {=IFERROR( AVERAGE((IF(DATOS_[[Sexo]:[Sexo]]=$B29,IF(DATOS_[[AGRUP. CLAS. PROF.]:[AGRUP. CLAS. PROF.]]=$B27,IF(DATOS_[[Check Periodo Ref.]:[Check Periodo Ref.]]="Dentro",DATOS_[Conc.Sal.07]))))), 0)} -> 0 | M29: {=IFERROR( AVERAGE((IF(DATOS_[[Sexo]:[Sexo]]=$B29,IF(DATOS_[[AGRUP. CLAS. PROF.]:[AGRUP. CLAS. PROF.]]=$B27,IF(DATOS_[[Check Periodo Ref.]:[Check Periodo Ref.]]="Dentro",DATOS_[Conc.Sal.08]))))), 0)} -> 0 | N29: {=IFERROR( AVERAGE((IF(DATOS_[[Sexo]:[Sexo]]=$B29,IF(DATOS_[[AGRUP. CLAS. PROF.]:[AGRUP. CLAS. PROF.]]=$B27,IF(DATOS_[[Check Periodo Ref.]:[Check Periodo Ref.]]="Dentro",DATOS_[Conc.Sal.09]))))), 0)} -> 0 | O29: {=IFERROR( AVERAGE((IF(DATOS_[[Sexo]:[Sexo]]=$B29,IF(DATOS_[[AGRUP. CLAS. PROF.]:[AGRUP. CLAS. PROF.]]=$B27,IF(DATOS_[[Check Periodo Ref.]:[Check Periodo Ref.]]="Dentro",DATOS_[Conc.Sal.10]))))), 0)} -> 0 | P29: {=IFERROR( AVERAGE((IF(DATOS_[[Sexo]:[Sexo]]=$B29,IF(DATOS_[[AGRUP. CLAS. PROF.]:[AGRUP. CLAS. PROF.]]=$B27,IF(DATOS_[[Check Periodo Ref.]:[Check Periodo Ref.]]="Dentro",DATOS_[Conc.Sal.11]))))), 0)} -> 0 | Q29: {=IFERROR( AVERAGE((IF(DATOS_[[Sexo]:[Sexo]]=$B29,IF(DATOS_[[AGRUP. CLAS. PROF.]:[AGRUP. CLAS. PROF.]]=$B27,IF(DATOS_[[Check Periodo Ref.]:[Check Periodo Ref.]]="Dentro",DATOS_[Conc.Sal.12]))))), 0)} -> 0 | R29: {=IFERROR( AVERAGE((IF(DATOS_[[Sexo]:[Sexo]]=$B29,IF(DATOS_[[AGRUP. CLAS. PROF.]:[AGRUP. CLAS. PROF.]]=$B27,IF(DATOS_[[Check Periodo Ref.]:[Check Periodo Ref.]]="Dentro",DATOS_[Conc.Sal.13]))))), 0)} -> 0 | S29: {=IFERROR( AVERAGE((IF(DATOS_[[Sexo]:[Sexo]]=$B29,IF(DATOS_[[AGRUP. CLAS. PROF.]:[AGRUP. CLAS. PROF.]]=$B27,IF(DATOS_[[Check Periodo Ref.]:[Check Periodo Ref.]]="Dentro",DATOS_[Conc.Sal.14]))))), 0)} -> 0 | T29: {=IFERROR( AVERAGE((IF(DATOS_[[Sexo]:[Sexo]]=$B29,IF(DATOS_[[AGRUP. CLAS. PROF.]:[AGRUP. CLAS. PROF.]]=$B27,IF(DATOS_[[Check Periodo Ref.]:[Check Periodo Ref.]]="Dentro",DATOS_[Conc.Sal.15]))))), 0)} -> 0 | U29: {=IFERROR( AVERAGE((IF(DATOS_[[Sexo]:[Sexo]]=$B29,IF(DATOS_[[AGRUP. CLAS. PROF.]:[AGRUP. CLAS. PROF.]]=$B27,IF(DATOS_[[Check Periodo Ref.]:[Check Periodo Ref.]]="Dentro",DATOS_[Conc.Sal.16]))))), 0)} -> 0 | V29: {=IFERROR( AVERAGE((IF(DATOS_[[Sexo]:[Sexo]]=$B29,IF(DATOS_[[AGRUP. CLAS. PROF.]:[AGRUP. CLAS. PROF.]]=$B27,IF(DATOS_[[Check Periodo Ref.]:[Check Periodo Ref.]]="Dentro",DATOS_[Conc.Sal.17]))))), 0)} -> 0 | W29: {=IFERROR( AVERAGE((IF(DATOS_[[Sexo]:[Sexo]]=$B29,IF(DATOS_[[AGRUP. CLAS. PROF.]:[AGRUP. CLAS. PROF.]]=$B27,IF(DATOS_[[Check Periodo Ref.]:[Check Periodo Ref.]]="Dentro",DATOS_[Conc.Sal.18]))))), 0)} -> 0 | X29: {=IFERROR( AVERAGE((IF(DATOS_[[Sexo]:[Sexo]]=$B29,IF(DATOS_[[AGRUP. CLAS. PROF.]:[AGRUP. CLAS. PROF.]]=$B27,IF(DATOS_[[Check Periodo Ref.]:[Check Periodo Ref.]]="Dentro",DATOS_[Conc.Sal.19]))))), 0)} -> 0 | Y29: {=IFERROR( AVERAGE((IF(DATOS_[[Sexo]:[Sexo]]=$B29,IF(DATOS_[[AGRUP. CLAS. PROF.]:[AGRUP. CLAS. PROF.]]=$B27,IF(DATOS_[[Check Periodo Ref.]:[Check Periodo Ref.]]="Dentro",DATOS_[Conc.Sal.20]))))), 0)} -> 0 | Z29: {=IFERROR( AVERAGE((IF(DATOS_[[Sexo]:[Sexo]]=$B29,IF(DATOS_[[AGRUP. CLAS. PROF.]:[AGRUP. CLAS. PROF.]]=$B27,IF(DATOS_[[Check Periodo Ref.]:[Check Periodo Ref.]]="Dentro",DATOS_[Conc.Sal.21]))))), 0)} -> 0 | AA29: {=IFERROR( AVERAGE((IF(DATOS_[[Sexo]:[Sexo]]=$B29,IF(DATOS_[[AGRUP. CLAS. PROF.]:[AGRUP. CLAS. PROF.]]=$B27,IF(DATOS_[[Check Periodo Ref.]:[Check Periodo Ref.]]="Dentro",DATOS_[Conc.Sal.22]))))), 0)} -> 0 | AB29: {=IFERROR( AVERAGE((IF(DATOS_[[Sexo]:[Sexo]]=$B29,IF(DATOS_[[AGRUP. CLAS. PROF.]:[AGRUP. CLAS. PROF.]]=$B27,IF(DATOS_[[Check Periodo Ref.]:[Check Periodo Ref.]]="Dentro",DATOS_[Conc.Sal.23]))))), 0)} -> 0 | AC29: {=IFERROR( AVERAGE((IF(DATOS_[[Sexo]:[Sexo]]=$B29,IF(DATOS_[[AGRUP. CLAS. PROF.]:[AGRUP. CLAS. PROF.]]=$B27,IF(DATOS_[[Check Periodo Ref.]:[Check Periodo Ref.]]="Dentro",DATOS_[Conc.Sal.24]))))), 0)} -> 0 | AD29: {=IFERROR( AVERAGE((IF(DATOS_[[Sexo]:[Sexo]]=$B29,IF(DATOS_[[AGRUP. CLAS. PROF.]:[AGRUP. CLAS. PROF.]]=$B27,IF(DATOS_[[Check Periodo Ref.]:[Check Periodo Ref.]]="Dentro",DATOS_[Conc.Sal.25]))))), 0)} -> 0 | AE29: {=IFERROR( AVERAGE((IF(DATOS_[[Sexo]:[Sexo]]=$B29,IF(DATOS_[[AGRUP. CLAS. PROF.]:[AGRUP. CLAS. PROF.]]=$B27,IF(DATOS_[[Check Periodo Ref.]:[Check Periodo Ref.]]="Dentro",DATOS_[Conc.Sal.26]))))), 0)} -> 0 | AF29: {=IFERROR( AVERAGE((IF(DATOS_[[Sexo]:[Sexo]]=$B29,IF(DATOS_[[AGRUP. CLAS. PROF.]:[AGRUP. CLAS. PROF.]]=$B27,IF(DATOS_[[Check Periodo Ref.]:[Check Periodo Ref.]]="Dentro",DATOS_[Conc.Sal.27]))))), 0)} -> 0 | AG29: {=IFERROR( AVERAGE((IF(DATOS_[[Sexo]:[Sexo]]=$B29,IF(DATOS_[[AGRUP. CLAS. PROF.]:[AGRUP. CLAS. PROF.]]=$B27,IF(DATOS_[[Check Periodo Ref.]:[Check Periodo Ref.]]="Dentro",DATOS_[Conc.Sal.28]))))), 0)} -> 0 | AH29: {=IFERROR( AVERAGE((IF(DATOS_[[Sexo]:[Sexo]]=$B29,IF(DATOS_[[AGRUP. CLAS. PROF.]:[AGRUP. CLAS. PROF.]]=$B27,IF(DATOS_[[Check Periodo Ref.]:[Check Periodo Ref.]]="Dentro",DATOS_[Conc.Sal.29]))))), 0)} -> 0 | AI29: {=IFERROR( AVERAGE((IF(DATOS_[[Sexo]:[Sexo]]=$B29,IF(DATOS_[[AGRUP. CLAS. PROF.]:[AGRUP. CLAS. PROF.]]=$B27,IF(DATOS_[[Check Periodo Ref.]:[Check Periodo Ref.]]="Dentro",DATOS_[Conc.Sal.30]))))), 0)} -> 0 | AJ29: {=IFERROR( AVERAGE(IF(DATOS_[Sexo]=$B29,IF(DATOS_[AGRUP. CLAS. PROF.]=$B27,IF(DATOS_[Check Periodo Ref.]="Dentro",DATOS_[Tot COMPL.SAL Ef],0)))), 0)} -> 0 | AK29: {=IFERROR( AVERAGE(IF(DATOS_[Sexo]=$B29,IF(DATOS_[AGRUP. CLAS. PROF.]=$B27,IF(DATOS_[Check Periodo Ref.]="Dentro",DATOS_[TOTAL SALARIO Ef],0)))), 0)} -> 0 | AL29: {=IFERROR( AVERAGE((IF(DATOS_[[Sexo]:[Sexo]]=$B29,IF(DATOS_[[AGRUP. CLAS. PROF.]:[AGRUP. CLAS. PROF.]]=$B27,IF(DATOS_[[Check Periodo Ref.]:[Check Periodo Ref.]]="Dentro",DATOS_[C.Extra.01]))))), 0)} -> 0 | AM29: {=IFERROR( AVERAGE((IF(DATOS_[[Sexo]:[Sexo]]=$B29,IF(DATOS_[[AGRUP. CLAS. PROF.]:[AGRUP. CLAS. PROF.]]=$B27,IF(DATOS_[[Check Periodo Ref.]:[Check Periodo Ref.]]="Dentro",DATOS_[C.Extra.02]))))), 0)} -> 0 | AN29: {=IFERROR( AVERAGE((IF(DATOS_[[Sexo]:[Sexo]]=$B29,IF(DATOS_[[AGRUP. CLAS. PROF.]:[AGRUP. CLAS. PROF.]]=$B27,IF(DATOS_[[Check Periodo Ref.]:[Check Periodo Ref.]]="Dentro",DATOS_[C.Extra.03]))))), 0)} -> 0 | AO29: {=IFERROR( AVERAGE((IF(DATOS_[[Sexo]:[Sexo]]=$B29,IF(DATOS_[[AGRUP. CLAS. PROF.]:[AGRUP. CLAS. PROF.]]=$B27,IF(DATOS_[[Check Periodo Ref.]:[Check Periodo Ref.]]="Dentro",DATOS_[C.Extra.04]))))), 0)} -> 0 | AP29: {=IFERROR( AVERAGE((IF(DATOS_[[Sexo]:[Sexo]]=$B29,IF(DATOS_[[AGRUP. CLAS. PROF.]:[AGRUP. CLAS. PROF.]]=$B27,IF(DATOS_[[Check Periodo Ref.]:[Check Periodo Ref.]]="Dentro",DATOS_[C.Extra.05]))))), 0)} -> 0 | AQ29: {=IFERROR( AVERAGE(IF(DATOS_[Sexo]=$B29,IF(DATOS_[AGRUP. CLAS. PROF.]=$B27,IF(DATOS_[Check Periodo Ref.]="Dentro",DATOS_[Tot Extrasalarial Ef],0)))), 0)} -> 0 | AR29: {=IFERROR( AVERAGE(IF(DATOS_[Sexo]=$B29,IF(DATOS_[AGRUP. CLAS. PROF.]=$B27,IF(DATOS_[Check Periodo Ref.]="Dentro",DATOS_[TOTAL Retrib Ef],0)))), 0)} -> 0
A30: =+A31 -> [ocultar] | B30: GRUPO 06 | E30: =IFERROR((E31-E32)/E31,"") | F30: =IFERROR((F31-F32)/F31,"") | G30: =IFERROR((G31-G32)/G31,"") | H30: =IFERROR((H31-H32)/H31,"") | I30: =IFERROR((I31-I32)/I31,"") | J30: =IFERROR((J31-J32)/J31,"") | K30: =IFERROR((K31-K32)/K31,"") | L30: =IFERROR((L31-L32)/L31,"") | ... AR30: =IFERROR((AR31-AR32)/AR31,"")
A31: =+IF(C31+C32=0,"[ocultar]","") -> [ocultar] | B31: Hombre | C31: {=SUM(IF($B31=DATOS_[Sexo], IF($B30=DATOS_[AGRUP. CLAS. PROF.], IF("Dentro"=DATOS_[Check Periodo Ref.], 1/(COUNTIFS(DATOS_[Sexo],$B31,DATOS_[AGRUP. CLAS. PROF.],$B30,DATOS_[Check Periodo Ref.],"Dentro",DATOS_[id],DATOS_[id]))))))} -> 0 | D31: =COUNTIFS(DATOS_[AGRUP. CLAS. PROF.],$B30,DATOS_[Sexo],$B31,DATOS_[Check Periodo Ref.],"Dentro") -> 0 | E31: {=IFERROR( AVERAGE(IF(DATOS_[Sexo]=$B31,IF(DATOS_[AGRUP. CLAS. PROF.]=$B30,IF(DATOS_[Check Periodo Ref.]="Dentro",DATOS_[SALARIO BASE Ef],0)))), 0)} -> 0 | F31: {=IFERROR( AVERAGE((IF(DATOS_[[Sexo]:[Sexo]]=$B31,IF(DATOS_[[AGRUP. CLAS. PROF.]:[AGRUP. CLAS. PROF.]]=$B30,IF(DATOS_[[Check Periodo Ref.]:[Check Periodo Ref.]]="Dentro",DATOS_[Conc.Sal.01]))))), 0)} -> 0 | G31: {=IFERROR( AVERAGE((IF(DATOS_[[Sexo]:[Sexo]]=$B31,IF(DATOS_[[AGRUP. CLAS. PROF.]:[AGRUP. CLAS. PROF.]]=$B30,IF(DATOS_[[Check Periodo Ref.]:[Check Periodo Ref.]]="Dentro",DATOS_[Conc.Sal.02]))))), 0)} -> 0 | H31: {=IFERROR( AVERAGE((IF(DATOS_[[Sexo]:[Sexo]]=$B31,IF(DATOS_[[AGRUP. CLAS. PROF.]:[AGRUP. CLAS. PROF.]]=$B30,IF(DATOS_[[Check Periodo Ref.]:[Check Periodo Ref.]]="Dentro",DATOS_[Conc.Sal.03]))))), 0)} -> 0 | I31: {=IFERROR( AVERAGE((IF(DATOS_[[Sexo]:[Sexo]]=$B31,IF(DATOS_[[AGRUP. CLAS. PROF.]:[AGRUP. CLAS. PROF.]]=$B30,IF(DATOS_[[Check Periodo Ref.]:[Check Periodo Ref.]]="Dentro",DATOS_[Conc.Sal.04]))))), 0)} -> 0 | J31: {=IFERROR( AVERAGE((IF(DATOS_[[Sexo]:[Sexo]]=$B31,IF(DATOS_[[AGRUP. CLAS. PROF.]:[AGRUP. CLAS. PROF.]]=$B30,IF(DATOS_[[Check Periodo Ref.]:[Check Periodo Ref.]]="Dentro",DATOS_[Conc.Sal.05]))))), 0)} -> 0 | K31: {=IFERROR( AVERAGE((IF(DATOS_[[Sexo]:[Sexo]]=$B31,IF(DATOS_[[AGRUP. CLAS. PROF.]:[AGRUP. CLAS. PROF.]]=$B30,IF(DATOS_[[Check Periodo Ref.]:[Check Periodo Ref.]]="Dentro",DATOS_[Conc.Sal.06]))))), 0)} -> 0 | L31: {=IFERROR( AVERAGE((IF(DATOS_[[Sexo]:[Sexo]]=$B31,IF(DATOS_[[AGRUP. CLAS. PROF.]:[AGRUP. CLAS. PROF.]]=$B30,IF(DATOS_[[Check Periodo Ref.]:[Check Periodo Ref.]]="Dentro",DATOS_[Conc.Sal.07]))))), 0)} -> 0 | M31: {=IFERROR( AVERAGE((IF(DATOS_[[Sexo]:[Sexo]]=$B31,IF(DATOS_[[AGRUP. CLAS. PROF.]:[AGRUP. CLAS. PROF.]]=$B30,IF(DATOS_[[Check Periodo Ref.]:[Check Periodo Ref.]]="Dentro",DATOS_[Conc.Sal.08]))))), 0)} -> 0 | N31: {=IFERROR( AVERAGE((IF(DATOS_[[Sexo]:[Sexo]]=$B31,IF(DATOS_[[AGRUP. CLAS. PROF.]:[AGRUP. CLAS. PROF.]]=$B30,IF(DATOS_[[Check Periodo Ref.]:[Check Periodo Ref.]]="Dentro",DATOS_[Conc.Sal.09]))))), 0)} -> 0 | O31: {=IFERROR( AVERAGE((IF(DATOS_[[Sexo]:[Sexo]]=$B31,IF(DATOS_[[AGRUP. CLAS. PROF.]:[AGRUP. CLAS. PROF.]]=$B30,IF(DATOS_[[Check Periodo Ref.]:[Check Periodo Ref.]]="Dentro",DATOS_[Conc.Sal.10]))))), 0)} -> 0 | P31: {=IFERROR( AVERAGE((IF(DATOS_[[Sexo]:[Sexo]]=$B31,IF(DATOS_[[AGRUP. CLAS. PROF.]:[AGRUP. CLAS. PROF.]]=$B30,IF(DATOS_[[Check Periodo Ref.]:[Check Periodo Ref.]]="Dentro",DATOS_[Conc.Sal.11]))))), 0)} -> 0 | Q31: {=IFERROR( AVERAGE((IF(DATOS_[[Sexo]:[Sexo]]=$B31,IF(DATOS_[[AGRUP. CLAS. PROF.]:[AGRUP. CLAS. PROF.]]=$B30,IF(DATOS_[[Check Periodo Ref.]:[Check Periodo Ref.]]="Dentro",DATOS_[Conc.Sal.12]))))), 0)} -> 0 | R31: {=IFERROR( AVERAGE((IF(DATOS_[[Sexo]:[Sexo]]=$B31,IF(DATOS_[[AGRUP. CLAS. PROF.]:[AGRUP. CLAS. PROF.]]=$B30,IF(DATOS_[[Check Periodo Ref.]:[Check Periodo Ref.]]="Dentro",DATOS_[Conc.Sal.13]))))), 0)} -> 0 | S31: {=IFERROR( AVERAGE((IF(DATOS_[[Sexo]:[Sexo]]=$B31,IF(DATOS_[[AGRUP. CLAS. PROF.]:[AGRUP. CLAS. PROF.]]=$B30,IF(DATOS_[[Check Periodo Ref.]:[Check Periodo Ref.]]="Dentro",DATOS_[Conc.Sal.14]))))), 0)} -> 0 | T31: {=IFERROR( AVERAGE((IF(DATOS_[[Sexo]:[Sexo]]=$B31,IF(DATOS_[[AGRUP. CLAS. PROF.]:[AGRUP. CLAS. PROF.]]=$B30,IF(DATOS_[[Check Periodo Ref.]:[Check Periodo Ref.]]="Dentro",DATOS_[Conc.Sal.15]))))), 0)} -> 0 | U31: {=IFERROR( AVERAGE((IF(DATOS_[[Sexo]:[Sexo]]=$B31,IF(DATOS_[[AGRUP. CLAS. PROF.]:[AGRUP. CLAS. PROF.]]=$B30,IF(DATOS_[[Check Periodo Ref.]:[Check Periodo Ref.]]="Dentro",DATOS_[Conc.Sal.16]))))), 0)} -> 0 | V31: {=IFERROR( AVERAGE((IF(DATOS_[[Sexo]:[Sexo]]=$B31,IF(DATOS_[[AGRUP. CLAS. PROF.]:[AGRUP. CLAS. PROF.]]=$B30,IF(DATOS_[[Check Periodo Ref.]:[Check Periodo Ref.]]="Dentro",DATOS_[Conc.Sal.17]))))), 0)} -> 0 | W31: {=IFERROR( AVERAGE((IF(DATOS_[[Sexo]:[Sexo]]=$B31,IF(DATOS_[[AGRUP. CLAS. PROF.]:[AGRUP. CLAS. PROF.]]=$B30,IF(DATOS_[[Check Periodo Ref.]:[Check Periodo Ref.]]="Dentro",DATOS_[Conc.Sal.18]))))), 0)} -> 0 | X31: {=IFERROR( AVERAGE((IF(DATOS_[[Sexo]:[Sexo]]=$B31,IF(DATOS_[[AGRUP. CLAS. PROF.]:[AGRUP. CLAS. PROF.]]=$B30,IF(DATOS_[[Check Periodo Ref.]:[Check Periodo Ref.]]="Dentro",DATOS_[Conc.Sal.19]))))), 0)} -> 0 | Y31: {=IFERROR( AVERAGE((IF(DATOS_[[Sexo]:[Sexo]]=$B31,IF(DATOS_[[AGRUP. CLAS. PROF.]:[AGRUP. CLAS. PROF.]]=$B30,IF(DATOS_[[Check Periodo Ref.]:[Check Periodo Ref.]]="Dentro",DATOS_[Conc.Sal.20]))))), 0)} -> 0 | Z31: {=IFERROR( AVERAGE((IF(DATOS_[[Sexo]:[Sexo]]=$B31,IF(DATOS_[[AGRUP. CLAS. PROF.]:[AGRUP. CLAS. PROF.]]=$B30,IF(DATOS_[[Check Periodo Ref.]:[Check Periodo Ref.]]="Dentro",DATOS_[Conc.Sal.21]))))), 0)} -> 0 | AA31: {=IFERROR( AVERAGE((IF(DATOS_[[Sexo]:[Sexo]]=$B31,IF(DATOS_[[AGRUP. CLAS. PROF.]:[AGRUP. CLAS. PROF.]]=$B30,IF(DATOS_[[Check Periodo Ref.]:[Check Periodo Ref.]]="Dentro",DATOS_[Conc.Sal.22]))))), 0)} -> 0 | AB31: {=IFERROR( AVERAGE((IF(DATOS_[[Sexo]:[Sexo]]=$B31,IF(DATOS_[[AGRUP. CLAS. PROF.]:[AGRUP. CLAS. PROF.]]=$B30,IF(DATOS_[[Check Periodo Ref.]:[Check Periodo Ref.]]="Dentro",DATOS_[Conc.Sal.23]))))), 0)} -> 0 | AC31: {=IFERROR( AVERAGE((IF(DATOS_[[Sexo]:[Sexo]]=$B31,IF(DATOS_[[AGRUP. CLAS. PROF.]:[AGRUP. CLAS. PROF.]]=$B30,IF(DATOS_[[Check Periodo Ref.]:[Check Periodo Ref.]]="Dentro",DATOS_[Conc.Sal.24]))))), 0)} -> 0 | AD31: {=IFERROR( AVERAGE((IF(DATOS_[[Sexo]:[Sexo]]=$B31,IF(DATOS_[[AGRUP. CLAS. PROF.]:[AGRUP. CLAS. PROF.]]=$B30,IF(DATOS_[[Check Periodo Ref.]:[Check Periodo Ref.]]="Dentro",DATOS_[Conc.Sal.25]))))), 0)} -> 0 | AE31: {=IFERROR( AVERAGE((IF(DATOS_[[Sexo]:[Sexo]]=$B31,IF(DATOS_[[AGRUP. CLAS. PROF.]:[AGRUP. CLAS. PROF.]]=$B30,IF(DATOS_[[Check Periodo Ref.]:[Check Periodo Ref.]]="Dentro",DATOS_[Conc.Sal.26]))))), 0)} -> 0 | AF31: {=IFERROR( AVERAGE((IF(DATOS_[[Sexo]:[Sexo]]=$B31,IF(DATOS_[[AGRUP. CLAS. PROF.]:[AGRUP. CLAS. PROF.]]=$B30,IF(DATOS_[[Check Periodo Ref.]:[Check Periodo Ref.]]="Dentro",DATOS_[Conc.Sal.27]))))), 0)} -> 0 | AG31: {=IFERROR( AVERAGE((IF(DATOS_[[Sexo]:[Sexo]]=$B31,IF(DATOS_[[AGRUP. CLAS. PROF.]:[AGRUP. CLAS. PROF.]]=$B30,IF(DATOS_[[Check Periodo Ref.]:[Check Periodo Ref.]]="Dentro",DATOS_[Conc.Sal.28]))))), 0)} -> 0 | AH31: {=IFERROR( AVERAGE((IF(DATOS_[[Sexo]:[Sexo]]=$B31,IF(DATOS_[[AGRUP. CLAS. PROF.]:[AGRUP. CLAS. PROF.]]=$B30,IF(DATOS_[[Check Periodo Ref.]:[Check Periodo Ref.]]="Dentro",DATOS_[Conc.Sal.29]))))), 0)} -> 0 | AI31: {=IFERROR( AVERAGE((IF(DATOS_[[Sexo]:[Sexo]]=$B31,IF(DATOS_[[AGRUP. CLAS. PROF.]:[AGRUP. CLAS. PROF.]]=$B30,IF(DATOS_[[Check Periodo Ref.]:[Check Periodo Ref.]]="Dentro",DATOS_[Conc.Sal.30]))))), 0)} -> 0 | AJ31: {=IFERROR( AVERAGE(IF(DATOS_[Sexo]=$B31,IF(DATOS_[AGRUP. CLAS. PROF.]=$B30,IF(DATOS_[Check Periodo Ref.]="Dentro",DATOS_[Tot COMPL.SAL Ef],0)))), 0)} -> 0 | AK31: {=IFERROR( AVERAGE(IF(DATOS_[Sexo]=$B31,IF(DATOS_[AGRUP. CLAS. PROF.]=$B30,IF(DATOS_[Check Periodo Ref.]="Dentro",DATOS_[TOTAL SALARIO Ef],0)))), 0)} -> 0 | AL31: {=IFERROR( AVERAGE((IF(DATOS_[[Sexo]:[Sexo]]=$B31,IF(DATOS_[[AGRUP. CLAS. PROF.]:[AGRUP. CLAS. PROF.]]=$B30,IF(DATOS_[[Check Periodo Ref.]:[Check Periodo Ref.]]="Dentro",DATOS_[C.Extra.01]))))), 0)} -> 0 | AM31: {=IFERROR( AVERAGE((IF(DATOS_[[Sexo]:[Sexo]]=$B31,IF(DATOS_[[AGRUP. CLAS. PROF.]:[AGRUP. CLAS. PROF.]]=$B30,IF(DATOS_[[Check Periodo Ref.]:[Check Periodo Ref.]]="Dentro",DATOS_[C.Extra.02]))))), 0)} -> 0 | AN31: {=IFERROR( AVERAGE((IF(DATOS_[[Sexo]:[Sexo]]=$B31,IF(DATOS_[[AGRUP. CLAS. PROF.]:[AGRUP. CLAS. PROF.]]=$B30,IF(DATOS_[[Check Periodo Ref.]:[Check Periodo Ref.]]="Dentro",DATOS_[C.Extra.03]))))), 0)} -> 0 | AO31: {=IFERROR( AVERAGE((IF(DATOS_[[Sexo]:[Sexo]]=$B31,IF(DATOS_[[AGRUP. CLAS. PROF.]:[AGRUP. CLAS. PROF.]]=$B30,IF(DATOS_[[Check Periodo Ref.]:[Check Periodo Ref.]]="Dentro",DATOS_[C.Extra.04]))))), 0)} -> 0 | AP31: {=IFERROR( AVERAGE((IF(DATOS_[[Sexo]:[Sexo]]=$B31,IF(DATOS_[[AGRUP. CLAS. PROF.]:[AGRUP. CLAS. PROF.]]=$B30,IF(DATOS_[[Check Periodo Ref.]:[Check Periodo Ref.]]="Dentro",DATOS_[C.Extra.05]))))), 0)} -> 0 | AQ31: {=IFERROR( AVERAGE(IF(DATOS_[Sexo]=$B31,IF(DATOS_[AGRUP. CLAS. PROF.]=$B30,IF(DATOS_[Check Periodo Ref.]="Dentro",DATOS_[Tot Extrasalarial Ef],0)))), 0)} -> 0 | AR31: {=IFERROR( AVERAGE(IF(DATOS_[Sexo]=$B31,IF(DATOS_[AGRUP. CLAS. PROF.]=$B30,IF(DATOS_[Check Periodo Ref.]="Dentro",DATOS_[TOTAL Retrib Ef],0)))), 0)} -> 0
A32: =+A31 -> [ocultar] | B32: Mujer | C32: {=SUM(IF($B32=DATOS_[Sexo], IF($B30=DATOS_[AGRUP. CLAS. PROF.], IF("Dentro"=DATOS_[Check Periodo Ref.], 1/(COUNTIFS(DATOS_[Sexo],$B32,DATOS_[AGRUP. CLAS. PROF.],$B30,DATOS_[Check Periodo Ref.],"Dentro",DATOS_[id],DATOS_[id]))))))} -> 0 | D32: =COUNTIFS(DATOS_[AGRUP. CLAS. PROF.],$B30,DATOS_[Sexo],$B32,DATOS_[Check Periodo Ref.],"Dentro") -> 0 | E32: {=IFERROR( AVERAGE(IF(DATOS_[Sexo]=$B32,IF(DATOS_[AGRUP. CLAS. PROF.]=$B30,IF(DATOS_[Check Periodo Ref.]="Dentro",DATOS_[SALARIO BASE Ef],0)))), 0)} -> 0 | F32: {=IFERROR( AVERAGE((IF(DATOS_[[Sexo]:[Sexo]]=$B32,IF(DATOS_[[AGRUP. CLAS. PROF.]:[AGRUP. CLAS. PROF.]]=$B30,IF(DATOS_[[Check Periodo Ref.]:[Check Periodo Ref.]]="Dentro",DATOS_[Conc.Sal.01]))))), 0)} -> 0 | G32: {=IFERROR( AVERAGE((IF(DATOS_[[Sexo]:[Sexo]]=$B32,IF(DATOS_[[AGRUP. CLAS. PROF.]:[AGRUP. CLAS. PROF.]]=$B30,IF(DATOS_[[Check Periodo Ref.]:[Check Periodo Ref.]]="Dentro",DATOS_[Conc.Sal.02]))))), 0)} -> 0 | H32: {=IFERROR( AVERAGE((IF(DATOS_[[Sexo]:[Sexo]]=$B32,IF(DATOS_[[AGRUP. CLAS. PROF.]:[AGRUP. CLAS. PROF.]]=$B30,IF(DATOS_[[Check Periodo Ref.]:[Check Periodo Ref.]]="Dentro",DATOS_[Conc.Sal.03]))))), 0)} -> 0 | I32: {=IFERROR( AVERAGE((IF(DATOS_[[Sexo]:[Sexo]]=$B32,IF(DATOS_[[AGRUP. CLAS. PROF.]:[AGRUP. CLAS. PROF.]]=$B30,IF(DATOS_[[Check Periodo Ref.]:[Check Periodo Ref.]]="Dentro",DATOS_[Conc.Sal.04]))))), 0)} -> 0 | J32: {=IFERROR( AVERAGE((IF(DATOS_[[Sexo]:[Sexo]]=$B32,IF(DATOS_[[AGRUP. CLAS. PROF.]:[AGRUP. CLAS. PROF.]]=$B30,IF(DATOS_[[Check Periodo Ref.]:[Check Periodo Ref.]]="Dentro",DATOS_[Conc.Sal.05]))))), 0)} -> 0 | K32: {=IFERROR( AVERAGE((IF(DATOS_[[Sexo]:[Sexo]]=$B32,IF(DATOS_[[AGRUP. CLAS. PROF.]:[AGRUP. CLAS. PROF.]]=$B30,IF(DATOS_[[Check Periodo Ref.]:[Check Periodo Ref.]]="Dentro",DATOS_[Conc.Sal.06]))))), 0)} -> 0 | L32: {=IFERROR( AVERAGE((IF(DATOS_[[Sexo]:[Sexo]]=$B32,IF(DATOS_[[AGRUP. CLAS. PROF.]:[AGRUP. CLAS. PROF.]]=$B30,IF(DATOS_[[Check Periodo Ref.]:[Check Periodo Ref.]]="Dentro",DATOS_[Conc.Sal.07]))))), 0)} -> 0 | M32: {=IFERROR( AVERAGE((IF(DATOS_[[Sexo]:[Sexo]]=$B32,IF(DATOS_[[AGRUP. CLAS. PROF.]:[AGRUP. CLAS. PROF.]]=$B30,IF(DATOS_[[Check Periodo Ref.]:[Check Periodo Ref.]]="Dentro",DATOS_[Conc.Sal.08]))))), 0)} -> 0 | N32: {=IFERROR( AVERAGE((IF(DATOS_[[Sexo]:[Sexo]]=$B32,IF(DATOS_[[AGRUP. CLAS. PROF.]:[AGRUP. CLAS. PROF.]]=$B30,IF(DATOS_[[Check Periodo Ref.]:[Check Periodo Ref.]]="Dentro",DATOS_[Conc.Sal.09]))))), 0)} -> 0 | O32: {=IFERROR( AVERAGE((IF(DATOS_[[Sexo]:[Sexo]]=$B32,IF(DATOS_[[AGRUP. CLAS. PROF.]:[AGRUP. CLAS. PROF.]]=$B30,IF(DATOS_[[Check Periodo Ref.]:[Check Periodo Ref.]]="Dentro",DATOS_[Conc.Sal.10]))))), 0)} -> 0 | P32: {=IFERROR( AVERAGE((IF(DATOS_[[Sexo]:[Sexo]]=$B32,IF(DATOS_[[AGRUP. CLAS. PROF.]:[AGRUP. CLAS. PROF.]]=$B30,IF(DATOS_[[Check Periodo Ref.]:[Check Periodo Ref.]]="Dentro",DATOS_[Conc.Sal.11]))))), 0)} -> 0 | Q32: {=IFERROR( AVERAGE((IF(DATOS_[[Sexo]:[Sexo]]=$B32,IF(DATOS_[[AGRUP. CLAS. PROF.]:[AGRUP. CLAS. PROF.]]=$B30,IF(DATOS_[[Check Periodo Ref.]:[Check Periodo Ref.]]="Dentro",DATOS_[Conc.Sal.12]))))), 0)} -> 0 | R32: {=IFERROR( AVERAGE((IF(DATOS_[[Sexo]:[Sexo]]=$B32,IF(DATOS_[[AGRUP. CLAS. PROF.]:[AGRUP. CLAS. PROF.]]=$B30,IF(DATOS_[[Check Periodo Ref.]:[Check Periodo Ref.]]="Dentro",DATOS_[Conc.Sal.13]))))), 0)} -> 0 | S32: {=IFERROR( AVERAGE((IF(DATOS_[[Sexo]:[Sexo]]=$B32,IF(DATOS_[[AGRUP. CLAS. PROF.]:[AGRUP. CLAS. PROF.]]=$B30,IF(DATOS_[[Check Periodo Ref.]:[Check Periodo Ref.]]="Dentro",DATOS_[Conc.Sal.14]))))), 0)} -> 0 | T32: {=IFERROR( AVERAGE((IF(DATOS_[[Sexo]:[Sexo]]=$B32,IF(DATOS_[[AGRUP. CLAS. PROF.]:[AGRUP. CLAS. PROF.]]=$B30,IF(DATOS_[[Check Periodo Ref.]:[Check Periodo Ref.]]="Dentro",DATOS_[Conc.Sal.15]))))), 0)} -> 0 | U32: {=IFERROR( AVERAGE((IF(DATOS_[[Sexo]:[Sexo]]=$B32,IF(DATOS_[[AGRUP. CLAS. PROF.]:[AGRUP. CLAS. PROF.]]=$B30,IF(DATOS_[[Check Periodo Ref.]:[Check Periodo Ref.]]="Dentro",DATOS_[Conc.Sal.16]))))), 0)} -> 0 | V32: {=IFERROR( AVERAGE((IF(DATOS_[[Sexo]:[Sexo]]=$B32,IF(DATOS_[[AGRUP. CLAS. PROF.]:[AGRUP. CLAS. PROF.]]=$B30,IF(DATOS_[[Check Periodo Ref.]:[Check Periodo Ref.]]="Dentro",DATOS_[Conc.Sal.17]))))), 0)} -> 0 | W32: {=IFERROR( AVERAGE((IF(DATOS_[[Sexo]:[Sexo]]=$B32,IF(DATOS_[[AGRUP. CLAS. PROF.]:[AGRUP. CLAS. PROF.]]=$B30,IF(DATOS_[[Check Periodo Ref.]:[Check Periodo Ref.]]="Dentro",DATOS_[Conc.Sal.18]))))), 0)} -> 0 | X32: {=IFERROR( AVERAGE((IF(DATOS_[[Sexo]:[Sexo]]=$B32,IF(DATOS_[[AGRUP. CLAS. PROF.]:[AGRUP. CLAS. PROF.]]=$B30,IF(DATOS_[[Check Periodo Ref.]:[Check Periodo Ref.]]="Dentro",DATOS_[Conc.Sal.19]))))), 0)} -> 0 | Y32: {=IFERROR( AVERAGE((IF(DATOS_[[Sexo]:[Sexo]]=$B32,IF(DATOS_[[AGRUP. CLAS. PROF.]:[AGRUP. CLAS. PROF.]]=$B30,IF(DATOS_[[Check Periodo Ref.]:[Check Periodo Ref.]]="Dentro",DATOS_[Conc.Sal.20]))))), 0)} -> 0 | Z32: {=IFERROR( AVERAGE((IF(DATOS_[[Sexo]:[Sexo]]=$B32,IF(DATOS_[[AGRUP. CLAS. PROF.]:[AGRUP. CLAS. PROF.]]=$B30,IF(DATOS_[[Check Periodo Ref.]:[Check Periodo Ref.]]="Dentro",DATOS_[Conc.Sal.21]))))), 0)} -> 0 | AA32: {=IFERROR( AVERAGE((IF(DATOS_[[Sexo]:[Sexo]]=$B32,IF(DATOS_[[AGRUP. CLAS. PROF.]:[AGRUP. CLAS. PROF.]]=$B30,IF(DATOS_[[Check Periodo Ref.]:[Check Periodo Ref.]]="Dentro",DATOS_[Conc.Sal.22]))))), 0)} -> 0 | AB32: {=IFERROR( AVERAGE((IF(DATOS_[[Sexo]:[Sexo]]=$B32,IF(DATOS_[[AGRUP. CLAS. PROF.]:[AGRUP. CLAS. PROF.]]=$B30,IF(DATOS_[[Check Periodo Ref.]:[Check Periodo Ref.]]="Dentro",DATOS_[Conc.Sal.23]))))), 0)} -> 0 | AC32: {=IFERROR( AVERAGE((IF(DATOS_[[Sexo]:[Sexo]]=$B32,IF(DATOS_[[AGRUP. CLAS. PROF.]:[AGRUP. CLAS. PROF.]]=$B30,IF(DATOS_[[Check Periodo Ref.]:[Check Periodo Ref.]]="Dentro",DATOS_[Conc.Sal.24]))))), 0)} -> 0 | AD32: {=IFERROR( AVERAGE((IF(DATOS_[[Sexo]:[Sexo]]=$B32,IF(DATOS_[[AGRUP. CLAS. PROF.]:[AGRUP. CLAS. PROF.]]=$B30,IF(DATOS_[[Check Periodo Ref.]:[Check Periodo Ref.]]="Dentro",DATOS_[Conc.Sal.25]))))), 0)} -> 0 | AE32: {=IFERROR( AVERAGE((IF(DATOS_[[Sexo]:[Sexo]]=$B32,IF(DATOS_[[AGRUP. CLAS. PROF.]:[AGRUP. CLAS. PROF.]]=$B30,IF(DATOS_[[Check Periodo Ref.]:[Check Periodo Ref.]]="Dentro",DATOS_[Conc.Sal.26]))))), 0)} -> 0 | AF32: {=IFERROR( AVERAGE((IF(DATOS_[[Sexo]:[Sexo]]=$B32,IF(DATOS_[[AGRUP. CLAS. PROF.]:[AGRUP. CLAS. PROF.]]=$B30,IF(DATOS_[[Check Periodo Ref.]:[Check Periodo Ref.]]="Dentro",DATOS_[Conc.Sal.27]))))), 0)} -> 0 | AG32: {=IFERROR( AVERAGE((IF(DATOS_[[Sexo]:[Sexo]]=$B32,IF(DATOS_[[AGRUP. CLAS. PROF.]:[AGRUP. CLAS. PROF.]]=$B30,IF(DATOS_[[Check Periodo Ref.]:[Check Periodo Ref.]]="Dentro",DATOS_[Conc.Sal.28]))))), 0)} -> 0 | AH32: {=IFERROR( AVERAGE((IF(DATOS_[[Sexo]:[Sexo]]=$B32,IF(DATOS_[[AGRUP. CLAS. PROF.]:[AGRUP. CLAS. PROF.]]=$B30,IF(DATOS_[[Check Periodo Ref.]:[Check Periodo Ref.]]="Dentro",DATOS_[Conc.Sal.29]))))), 0)} -> 0 | AI32: {=IFERROR( AVERAGE((IF(DATOS_[[Sexo]:[Sexo]]=$B32,IF(DATOS_[[AGRUP. CLAS. PROF.]:[AGRUP. CLAS. PROF.]]=$B30,IF(DATOS_[[Check Periodo Ref.]:[Check Periodo Ref.]]="Dentro",DATOS_[Conc.Sal.30]))))), 0)} -> 0 | AJ32: {=IFERROR( AVERAGE(IF(DATOS_[Sexo]=$B32,IF(DATOS_[AGRUP. CLAS. PROF.]=$B30,IF(DATOS_[Check Periodo Ref.]="Dentro",DATOS_[Tot COMPL.SAL Ef],0)))), 0)} -> 0 | AK32: {=IFERROR( AVERAGE(IF(DATOS_[Sexo]=$B32,IF(DATOS_[AGRUP. CLAS. PROF.]=$B30,IF(DATOS_[Check Periodo Ref.]="Dentro",DATOS_[TOTAL SALARIO Ef],0)))), 0)} -> 0 | AL32: {=IFERROR( AVERAGE((IF(DATOS_[[Sexo]:[Sexo]]=$B32,IF(DATOS_[[AGRUP. CLAS. PROF.]:[AGRUP. CLAS. PROF.]]=$B30,IF(DATOS_[[Check Periodo Ref.]:[Check Periodo Ref.]]="Dentro",DATOS_[C.Extra.01]))))), 0)} -> 0 | AM32: {=IFERROR( AVERAGE((IF(DATOS_[[Sexo]:[Sexo]]=$B32,IF(DATOS_[[AGRUP. CLAS. PROF.]:[AGRUP. CLAS. PROF.]]=$B30,IF(DATOS_[[Check Periodo Ref.]:[Check Periodo Ref.]]="Dentro",DATOS_[C.Extra.02]))))), 0)} -> 0 | AN32: {=IFERROR( AVERAGE((IF(DATOS_[[Sexo]:[Sexo]]=$B32,IF(DATOS_[[AGRUP. CLAS. PROF.]:[AGRUP. CLAS. PROF.]]=$B30,IF(DATOS_[[Check Periodo Ref.]:[Check Periodo Ref.]]="Dentro",DATOS_[C.Extra.03]))))), 0)} -> 0 | AO32: {=IFERROR( AVERAGE((IF(DATOS_[[Sexo]:[Sexo]]=$B32,IF(DATOS_[[AGRUP. CLAS. PROF.]:[AGRUP. CLAS. PROF.]]=$B30,IF(DATOS_[[Check Periodo Ref.]:[Check Periodo Ref.]]="Dentro",DATOS_[C.Extra.04]))))), 0)} -> 0 | AP32: {=IFERROR( AVERAGE((IF(DATOS_[[Sexo]:[Sexo]]=$B32,IF(DATOS_[[AGRUP. CLAS. PROF.]:[AGRUP. CLAS. PROF.]]=$B30,IF(DATOS_[[Check Periodo Ref.]:[Check Periodo Ref.]]="Dentro",DATOS_[C.Extra.05]))))), 0)} -> 0 | AQ32: {=IFERROR( AVERAGE(IF(DATOS_[Sexo]=$B32,IF(DATOS_[AGRUP. CLAS. PROF.]=$B30,IF(DATOS_[Check Periodo Ref.]="Dentro",DATOS_[Tot Extrasalarial Ef],0)))), 0)} -> 0 | AR32: {=IFERROR( AVERAGE(IF(DATOS_[Sexo]=$B32,IF(DATOS_[AGRUP. CLAS. PROF.]=$B30,IF(DATOS_[Check Periodo Ref.]="Dentro",DATOS_[TOTAL Retrib Ef],0)))), 0)} -> 0
A33: =+A34 -> [ocultar] | B33: GRUPO 07 | E33: =IFERROR((E34-E35)/E34,"") | F33: =IFERROR((F34-F35)/F34,"") | G33: =IFERROR((G34-G35)/G34,"") | H33: =IFERROR((H34-H35)/H34,"") | I33: =IFERROR((I34-I35)/I34,"") | J33: =IFERROR((J34-J35)/J34,"") | K33: =IFERROR((K34-K35)/K34,"") | L33: =IFERROR((L34-L35)/L34,"") | ... AR33: =IFERROR((AR34-AR35)/AR34,"")
